图片名称,运行序号,提问内容,seed18模型回答,seed18-bbox,seed18推理时间(s),seed18输入tokens,seed18输出tokens,seed18总tokens,seed18平均IoU,Qwen模型回答,Qwen-bbox,Qwen推理时间(s),Qwen输入tokens,Qwen输出tokens,Qwen总tokens,Qwen平均IoU,对比图像,处理状态,处理耗时
img1.jpg,1,"你是一位专业细致的停车场场景图像识别专家，需对停车场前视图图像进行高精度目标检测与信息提取，最终以标准JSON格式输出结果。核心要求：严格排除车牌、车身图文、地面停车位内数字及停车线；所有目标的bbox坐标需紧贴目标边缘，达到最高精度；无确凿关联的目标不强行关联，禁止脑补不存在的内容。
一、任务执行顺序与核心规则
按以下优先级执行检测，每类目标独立输出，交叉校验避免混淆：
1. 先完成基础目标（文字、箭头）检测，再进行各类指示牌、设施检测
2. 所有方向类判断仅允许输出「上、下、左、右、无法辨认」，多方向用空格分隔
3. bbox坐标统一为[x1,y1,x2,y2]格式，坐标需精准贴合目标边缘
二、分模块检测要求
1. 文字提取（words字段）
- 提取范围：除车牌、车身图文、地面停车位数字外的所有可见文字
- 输出要求：每个文字/词组为1条记录，包含id（唯一标识）、content（文字内容）、bbox（精准坐标）
- 禁止漏检任何符合要求的文字内容
2. 箭头检测（arrows字段）
- 提取范围：所有可见箭头，排除停车线、车道线；多指向箭头需按单个指向拆分独立提取
- 输出字段：
  - id：唯一标识
  - direction：箭头方向，仅允许「上、下、左、右」
  - on_ground：是否在地面（1=是，0=否）
  - bbox：紧贴箭头边缘的精准坐标
- 强制规则：必须检出所有微小箭头（如出口文字旁箭头），不同指向箭头单独记录
3. 功能指示牌与设施检测
（1）圆形含箭头指示牌（tsrs字段）
- 提取范围：仅包含箭头的圆形指示牌，需与掉头指示牌严格区分，无法区分时方向标记为「无法辨认」
- 输出字段：
  - id：唯一标识
  - direction：指示牌内所有箭头方向（多方向用空格分隔）
  - bbox：指示牌整体精准坐标
（2）掉头指示牌（reverses字段）
- 提取范围：专门检测含掉头箭头的独立指示牌
- 输出要求：每个指示牌为1条记录，包含id、bbox（精准坐标）
（3）行人安全出口标识（exits字段）
- 提取范围：仅行人专用安全出口标识（特征：含人形图案、步行箭头、绿色荧光等，排除汽车出口标识）
- 输出要求：每个标识为1条记录，包含id、bbox（精准坐标）
（4）电梯指示牌（elevators字段）
- 提取范围：所有标注「电梯」相关的指示牌
- 输出要求：每个指示牌为1条记录，包含id、bbox（精准坐标）
（5）禁止标识牌（forbiddens字段）
- 提取范围：禁止通行、禁止左转/右转/掉头类标识
- 输出字段：
  - id：唯一标识
  - meaning：禁止含义，仅允许「禁止通行、禁止左转、禁止右转、禁止掉头」
  - bbox：标识整体精准坐标
（6）收费杆（tollgates字段）
- 提取范围：仅停车场收费通道的栏杆，排除限高杆、地面停车限位器
- 输出要求：每个收费杆为1条记录，包含id、bbox（精准坐标）
4. 关联关系检测
（1）文字与箭头关联（word_arrow_pairs字段）
- 关联规则：仅当文字与箭头存在明确指引关系时记录（如""出口""文字旁的右转箭头）
- 输出格式：每条记录为{""pair"": [""文字id"", ""箭头id""], ""reason"": ""关联逻辑描述""}
- 强制要求：无确凿关联不记录
（2）电梯指示牌与箭头关联（elevator_arrow_pairs字段）
- 关联规则：仅当电梯指示牌与箭头存在明确指引关系时记录
- 输出格式：每条记录为{""pair"": [""电梯牌id"", ""箭头id""], ""reason"": ""关联逻辑描述""}
- 强制要求：无确凿关联不记录
5. 场景属性判断
（1）楼层信息（floors字段）
- 输出格式：
{
  ""current_floor"": ""当前楼层或无法判断"",
  ""accessible_floor"": [""可前往楼层列表或空数组""],
  ""reason"": ""推断依据或无有效信息无法判断的说明""
}
- 规则：仅从已检测文字中提取依据，禁止脑补楼层信息
（2）区域信息（areas字段）
- 提取范围：墙面、立柱上标注的区域标识（如东/西/A/B等）
- 输出要求：可识别区域用数组形式列出，无法判断则输出[""无法判断""]
（3）场景类型（location_type字段）
- 仅允许输出：indoor（室内）/outdoor（室外）
（4）停车场出入口指示牌（entry_and_exit字段，仅室外场景需检测）
- 提取范围：仅针对驾驶员的出入口指示牌（非行人标识），需按入口、出口分别框选
- 输出字段：
  - id：唯一标识
  - type：仅允许「出口」/「入口」
  - bbox：精准框选对应指示区域，需处于对应车道正上方
三、最终校验规则
1. 复查所有箭头（含微小箭头）是否漏检，多指向箭头是否拆分独立记录
2. 核对所有bbox坐标是否精准贴合目标边缘
3. 确认所有方向类输出符合限定词要求，无自定义表述
4. 检查是否误包含停车场数字、停车线等禁止内容
5. 关联关系仅保留有明确依据的记录，删除存疑条目
输出格式示例（标准JSON）
{
  ""words"": {
    ""1"": {""id"": ""1"", ""content"": ""出口"", ""bbox"": [100, 200, 180, 230]},
    ""2"": {""id"": ""2"", ""content"": ""B1"", ""bbox"": [50, 50, 80, 70]}
  },
  ""arrows"": {
    ""1"": {""id"": ""1"", ""direction"": ""右"", ""on_ground"": 1, ""bbox"": [120, 250, 160, 280]}
  },
  ""tsrs"": {},
  ""reverses"": {},
  ""exits"": {},
  ""elevators"": {},
  ""forbiddens"": {},
  ""tollgates"": {},
  ""word_arrow_pairs"": [
    {""pair"": [""1"", ""1""], ""reason"": ""文字'出口'旁的右转箭头，指引车辆驶出方向""}
  ],
  ""elevator_arrow_pairs"": [],
  ""floors"": {
    ""current_floor"": ""B1"",
    ""accessible_floor"": [],
    ""reason"": ""检测到文字'B1'，无其他楼层指引信息""
  },
  ""areas"": [""无法判断""],
  ""location_type"": ""indoor"",
  ""entry_and_exit"": {}
}","{
  ""words"": {
    ""1"": {""id"": ""1"", ""content"": ""B4"", ""bbox"": [359, 421, 380, 456]},
    ""2"": {""id"": ""2"", ""content"": ""东塔写字楼/货梯/转换梯/出口"", ""bbox"": [385, 418, 471, 443]},
    ""3"": {""id"": ""3"", ""content"": ""EAST TOWER OFFICE/GOODS LIFT/TRANSFER ELEVATOR/EXIT"", ""bbox"": [385, 441, 482, 454]},
    ""4"": {""id"": ""4"", ""content"": ""商业梯"", ""bbox"": [523, 416, 550, 436]},
    ""5"": {""id"": ""5"", ""content"": ""COMMERCIAL ELEVATOR"", ""bbox"": [507, 434, 550, 447]},
    ""6"": {""id"": ""6"", ""content"": ""出口"", ""bbox"": [135, 501, 150, 521]},
    ""7"": {""id"": ""7"", ""content"": ""EXIT"", ""bbox"": [136, 520, 150, 532]},
    ""8"": {""id"": ""8"", ""content"": ""E B3"", ""bbox"": [236, 606, 251, 653]},
    ""9"": {""id"": ""9"", ""content"": ""E B3"", ""bbox"": [305, 618, 317, 658]},
    ""10"": {""id"": ""10"", ""content"": ""E B3"", ""bbox"": [800, 436, 825, 596]},
    ""11"": {""id"": ""11"", ""content"": ""东塔负三层"", ""bbox"": [463, 630, 497, 645]}
  },
  ""arrows"": {
    ""1"": {""id"": ""1"", ""direction"": ""左"", ""on_ground"": 0, ""bbox"": [345, 423, 358, 451]},
    ""2"": {""id"": ""2"", ""direction"": ""上"", ""on_ground"": 0, ""bbox"": [553, 413, 566, 446]},
    ""3"": {""id"": ""3"", ""direction"": ""左"", ""on_ground"": 0, ""bbox"": [128, 503, 138, 520]},
    ""4"": {""id"": ""4"", ""direction"": ""上"", ""on_ground"": 0, ""bbox"": [166, 516, 178, 541]},
    ""5"": {""id"": ""5"", ""direction"": ""上"", ""on_ground"": 1, ""bbox"": [461, 706, 473, 720]},
    ""6"": {""id"": ""6"", ""direction"": ""上"", ""on_ground"": 1, ""bbox"": [481, 706, 490, 719]},
    ""7"": {""id"": ""7"", ""direction"": ""右"", ""on_ground"": 1, ""bbox"": [611, 775, 656, 790]},
    ""8"": {""id"": ""8"", ""direction"": ""右"", ""on_ground"": 1, ""bbox"": [645, 805, 692, 820]},
    ""9"": {""id"": ""9"", ""direction"": ""右"", ""on_ground"": 1, ""bbox"": [682, 885, 742, 902]}
  },
  ""tsrs"": {
    ""1"": {""id"": ""1"", ""direction"": ""左"", ""bbox"": [379, 262, 460, 398]},
    ""2"": {""id"": ""2"", ""direction"": ""左 上"", ""bbox"": [161, 500, 182, 558]}
  },
  ""reverses"": {
    ""1"": {""id"": ""1"", ""bbox"": [475, 609, 488, 635]}
  },
  ""exits"": {
    ""1"": {""id"": ""1"", ""bbox"": [622, 612, 649, 687]}
  },
  ""elevators"": {
    ""1"": {""id"": ""1"", ""bbox"": [505, 410, 575, 458]}
  },
  ""forbiddens"": {},
  ""tollgates"": {},
  ""word_arrow_pairs"": [
    {""pair"": [""1"", ""1""], ""reason"": ""文字'B4'旁的左转箭头，指引前往B4区域方向""},
    {""pair"": [""2"", ""1""], ""reason"": ""文字'东塔写字楼/货梯/转换梯/出口'旁的左转箭头，指引前往该区域方向""},
    {""pair"": [""4"", ""2""], ""reason"": ""文字'商业梯'旁的向上箭头，指引前往商业梯方向""},
    {""pair"": [""6"", ""3""], ""reason"": ""文字'出口'旁的左转箭头，指引出口方向""}
  ],
  ""elevator_arrow_pairs"": [
    {""pair"": [""1"", ""2""], ""reason"": ""商业梯指示牌旁的向上箭头，指引前往商业梯的方向""}
  ],
  ""floors"": {
    ""current_floor"": ""B3"",
    ""accessible_floor"": [""B4""],
    ""reason"": ""检测到柱子上的'B3'文字及墙面的'东塔负三层'，判断当前楼层为B3；检测到指示牌上的'B4'文字，可知可前往B4楼层""
  },
  ""areas"": [""E""],
  ""location_type"": ""indoor"",
  ""entry_and_exit"": {}
}",<bbox>359 421 380 456</bbox><bbox>385 418 471 443</bbox><bbox>385 441 482 454</bbox><bbox>523 416 550 436</bbox><bbox>507 434 550 447</bbox><bbox>135 501 150 521</bbox><bbox>136 520 150 532</bbox><bbox>236 606 251 653</bbox><bbox>305 618 317 658</bbox><bbox>800 436 825 596</bbox><bbox>463 630 497 645</bbox><bbox>345 423 358 451</bbox><bbox>553 413 566 446</bbox><bbox>128 503 138 520</bbox><bbox>166 516 178 541</bbox><bbox>461 706 473 720</bbox><bbox>481 706 490 719</bbox><bbox>611 775 656 790</bbox><bbox>645 805 692 820</bbox><bbox>682 885 742 902</bbox><bbox>379 262 460 398</bbox><bbox>161 500 182 558</bbox><bbox>475 609 488 635</bbox><bbox>622 612 649 687</bbox><bbox>505 410 575 458</bbox>,69.22258401,5806,4060,9866,0.512126443,"{
  ""words"": {
    ""1"": {
      ""id"": ""1"",
      ""content"": ""B4"",
      ""bbox"": [365, 420, 388, 448]
    },
    ""2"": {
      ""id"": ""2"",
      ""content"": ""东塔写字楼"",
      ""bbox"": [392, 420, 428, 438]
    },
    ""3"": {
      ""id"": ""3"",
      ""content"": ""货梯"",
      ""bbox"": [430, 420, 445, 438]
    },
    ""4"": {
      ""id"": ""4"",
      ""content"": ""转换梯"",
      ""bbox"": [448, 420, 470, 438]
    },
    ""5"": {
      ""id"": ""5"",
      ""content"": ""出口"",
      ""bbox"": [472, 420, 478, 438]
    },
    ""6"": {
      ""id"": ""6"",
      ""content"": ""商业梯"",
      ""bbox"": [518, 415, 545, 435]
    },
    ""7"": {
      ""id"": ""7"",
      ""content"": ""E"",
      ""bbox"": [795, 435, 810, 510]
    },
    ""8"": {
      ""id"": ""8"",
      ""content"": ""B3"",
      ""bbox"": [795, 535, 815, 585]
    },
    ""9"": {
      ""id"": ""9"",
      ""content"": ""东塔负三层"",
      ""bbox"": [465, 630, 498, 645]
    }
  },
  ""arrows"": {
    ""1"": {
      ""id"": ""1"",
      ""direction"": ""左"",
      ""on_ground"": 0,
      ""bbox"": [395, 280, 445, 365]
    },
    ""2"": {
      ""id"": ""2"",
      ""direction"": ""左"",
      ""on_ground"": 0,
      ""bbox"": [350, 425, 362, 443]
    },
    ""3"": {
      ""id"": ""3"",
      ""direction"": ""上"",
      ""on_ground"": 0,
      ""bbox"": [550, 418, 562, 433]
    },
    ""4"": {
      ""id"": ""4"",
      ""direction"": ""左"",
      ""on_ground"": 0,
      ""bbox"": [160, 510, 175, 540]
    }
  },
  ""tsrs"": {
    ""1"": {
      ""id"": ""1"",
      ""direction"": ""左"",
      ""bbox"": [382, 260, 460, 400]
    }
  },
  ""reverses"": {
    ""1"": {
      ""id"": ""1"",
      ""bbox"": [475, 610, 488, 635]
    }
  },
  ""exits"": {},
  ""elevators"": {
    ""1"": {
      ""id"": ""1"",
      ""bbox"": [345, 405, 570, 455]
    }
  },
  ""forbiddens"": {},
  ""tollgates"": {},
  ""word_arrow_pairs"": [
    {
      ""pair"": [""5"", ""2""],
      ""reason"": ""文字'出口'旁的左转箭头，明确指引车辆驶出方向""
    }
  ],
  ""elevator_arrow_pairs"": [
    {
      ""pair"": [""1"", ""3""],
      ""reason"": ""电梯指示牌'商业梯'旁的向上箭头，明确指引前往商业梯方向""
    }
  ],
  ""floors"": {
    ""current_floor"": ""B3"",
    ""accessible_floor"": [""B4""],
    ""reason"": ""检测到柱子上文字'B3'，指示牌显示可前往'B4'，无其他楼层信息""
  },
  ""areas"": [""E""],
  ""location_type"": ""indoor"",
  ""entry_and_exit"": {}
}",<bbox>365 420 388 448</bbox><bbox>392 420 428 438</bbox><bbox>430 420 445 438</bbox><bbox>448 420 470 438</bbox><bbox>472 420 478 438</bbox><bbox>518 415 545 435</bbox><bbox>795 435 810 510</bbox><bbox>795 535 815 585</bbox><bbox>465 630 498 645</bbox><bbox>395 280 445 365</bbox><bbox>350 425 362 443</bbox><bbox>550 418 562 433</bbox><bbox>160 510 175 540</bbox><bbox>382 260 460 400</bbox><bbox>475 610 488 635</bbox><bbox>345 405 570 455</bbox>,124.4826849,8727,5380,14107,0.466618507,result_with_bboxes_0.jpg,成功,193.7052689
img1.jpg,0,"你是一位专业细致的停车场场景图像识别专家，需对停车场前视图图像进行高精度目标检测与信息提取，最终以标准JSON格式输出结果。核心要求：严格排除车牌、车身图文、地面停车位内数字及停车线；所有目标的bbox坐标需紧贴目标边缘，达到最高精度；无确凿关联的目标不强行关联，禁止脑补不存在的内容。
一、任务执行顺序与核心规则
按以下优先级执行检测，每类目标独立输出，交叉校验避免混淆：
1. 先完成基础目标（文字、箭头）检测，再进行各类指示牌、设施检测
2. 所有方向类判断仅允许输出「上、下、左、右、无法辨认」，多方向用空格分隔
3. bbox坐标统一为[x1,y1,x2,y2]格式，坐标需精准贴合目标边缘
二、分模块检测要求
1. 文字提取（words字段）
- 提取范围：除车牌、车身图文、地面停车位数字外的所有可见文字
- 输出要求：每个文字/词组为1条记录，包含id（唯一标识）、content（文字内容）、bbox（精准坐标）
- 禁止漏检任何符合要求的文字内容
2. 箭头检测（arrows字段）
- 提取范围：所有可见箭头，排除停车线、车道线；多指向箭头需按单个指向拆分独立提取
- 输出字段：
  - id：唯一标识
  - direction：箭头方向，仅允许「上、下、左、右」
  - on_ground：是否在地面（1=是，0=否）
  - bbox：紧贴箭头边缘的精准坐标
- 强制规则：必须检出所有微小箭头（如出口文字旁箭头），不同指向箭头单独记录
3. 功能指示牌与设施检测
（1）圆形含箭头指示牌（tsrs字段）
- 提取范围：仅包含箭头的圆形指示牌，需与掉头指示牌严格区分，无法区分时方向标记为「无法辨认」
- 输出字段：
  - id：唯一标识
  - direction：指示牌内所有箭头方向（多方向用空格分隔）
  - bbox：指示牌整体精准坐标
（2）掉头指示牌（reverses字段）
- 提取范围：专门检测含掉头箭头的独立指示牌
- 输出要求：每个指示牌为1条记录，包含id、bbox（精准坐标）
（3）行人安全出口标识（exits字段）
- 提取范围：仅行人专用安全出口标识（特征：含人形图案、步行箭头、绿色荧光等，排除汽车出口标识）
- 输出要求：每个标识为1条记录，包含id、bbox（精准坐标）
（4）电梯指示牌（elevators字段）
- 提取范围：所有标注「电梯」相关的指示牌
- 输出要求：每个指示牌为1条记录，包含id、bbox（精准坐标）
（5）禁止标识牌（forbiddens字段）
- 提取范围：禁止通行、禁止左转/右转/掉头类标识
- 输出字段：
  - id：唯一标识
  - meaning：禁止含义，仅允许「禁止通行、禁止左转、禁止右转、禁止掉头」
  - bbox：标识整体精准坐标
（6）收费杆（tollgates字段）
- 提取范围：仅停车场收费通道的栏杆，排除限高杆、地面停车限位器
- 输出要求：每个收费杆为1条记录，包含id、bbox（精准坐标）
4. 关联关系检测
（1）文字与箭头关联（word_arrow_pairs字段）
- 关联规则：仅当文字与箭头存在明确指引关系时记录（如""出口""文字旁的右转箭头）
- 输出格式：每条记录为{""pair"": [""文字id"", ""箭头id""], ""reason"": ""关联逻辑描述""}
- 强制要求：无确凿关联不记录
（2）电梯指示牌与箭头关联（elevator_arrow_pairs字段）
- 关联规则：仅当电梯指示牌与箭头存在明确指引关系时记录
- 输出格式：每条记录为{""pair"": [""电梯牌id"", ""箭头id""], ""reason"": ""关联逻辑描述""}
- 强制要求：无确凿关联不记录
5. 场景属性判断
（1）楼层信息（floors字段）
- 输出格式：
{
  ""current_floor"": ""当前楼层或无法判断"",
  ""accessible_floor"": [""可前往楼层列表或空数组""],
  ""reason"": ""推断依据或无有效信息无法判断的说明""
}
- 规则：仅从已检测文字中提取依据，禁止脑补楼层信息
（2）区域信息（areas字段）
- 提取范围：墙面、立柱上标注的区域标识（如东/西/A/B等）
- 输出要求：可识别区域用数组形式列出，无法判断则输出[""无法判断""]
（3）场景类型（location_type字段）
- 仅允许输出：indoor（室内）/outdoor（室外）
（4）停车场出入口指示牌（entry_and_exit字段，仅室外场景需检测）
- 提取范围：仅针对驾驶员的出入口指示牌（非行人标识），需按入口、出口分别框选
- 输出字段：
  - id：唯一标识
  - type：仅允许「出口」/「入口」
  - bbox：精准框选对应指示区域，需处于对应车道正上方
三、最终校验规则
1. 复查所有箭头（含微小箭头）是否漏检，多指向箭头是否拆分独立记录
2. 核对所有bbox坐标是否精准贴合目标边缘
3. 确认所有方向类输出符合限定词要求，无自定义表述
4. 检查是否误包含停车场数字、停车线等禁止内容
5. 关联关系仅保留有明确依据的记录，删除存疑条目
输出格式示例（标准JSON）
{
  ""words"": {
    ""1"": {""id"": ""1"", ""content"": ""出口"", ""bbox"": [100, 200, 180, 230]},
    ""2"": {""id"": ""2"", ""content"": ""B1"", ""bbox"": [50, 50, 80, 70]}
  },
  ""arrows"": {
    ""1"": {""id"": ""1"", ""direction"": ""右"", ""on_ground"": 1, ""bbox"": [120, 250, 160, 280]}
  },
  ""tsrs"": {},
  ""reverses"": {},
  ""exits"": {},
  ""elevators"": {},
  ""forbiddens"": {},
  ""tollgates"": {},
  ""word_arrow_pairs"": [
    {""pair"": [""1"", ""1""], ""reason"": ""文字'出口'旁的右转箭头，指引车辆驶出方向""}
  ],
  ""elevator_arrow_pairs"": [],
  ""floors"": {
    ""current_floor"": ""B1"",
    ""accessible_floor"": [],
    ""reason"": ""检测到文字'B1'，无其他楼层指引信息""
  },
  ""areas"": [""无法判断""],
  ""location_type"": ""indoor"",
  ""entry_and_exit"": {}
}","{
  ""words"": {
    ""1"": {""id"": ""1"", ""content"": ""B4"", ""bbox"": [359, 423, 380, 456]},
    ""2"": {""id"": ""2"", ""content"": ""东塔写字楼/货梯/转换梯/出口"", ""bbox"": [390, 421, 473, 442]},
    ""3"": {""id"": ""3"", ""content"": ""EAST TOWER OFFICE/GOODS LIFT/TRANSFER ELEVATOR/EXIT"", ""bbox"": [390, 441, 482, 453]},
    ""4"": {""id"": ""4"", ""content"": ""商业梯"", ""bbox"": [526, 418, 551, 439]},
    ""5"": {""id"": ""5"", ""content"": ""COMMERCIAL ELEVATOR"", ""bbox"": [509, 438, 551, 450]},
    ""6"": {""id"": ""6"", ""content"": ""出口"", ""bbox"": [135, 501, 150, 519]},
    ""7"": {""id"": ""7"", ""content"": ""EXIT"", ""bbox"": [135, 518, 148, 532]},
    ""8"": {""id"": ""8"", ""content"": ""E B3"", ""bbox"": [236, 606, 251, 652]},
    ""9"": {""id"": ""9"", ""content"": ""E B3"", ""bbox"": [307, 618, 319, 658]},
    ""10"": {""id"": ""10"", ""content"": ""E B3"", ""bbox"": [800, 436, 825, 596]},
    ""11"": {""id"": ""11"", ""content"": ""东塔负三层"", ""bbox"": [463, 630, 498, 645]}
  },
  ""arrows"": {
    ""1"": {""id"": ""1"", ""direction"": ""左"", ""on_ground"": 0, ""bbox"": [347, 425, 360, 454]},
    ""2"": {""id"": ""2"", ""direction"": ""上"", ""on_ground"": 0, ""bbox"": [555, 416, 568, 446]},
    ""3"": {""id"": ""3"", ""direction"": ""左"", ""on_ground"": 0, ""bbox"": [128, 503, 137, 521]},
    ""4"": {""id"": ""4"", ""direction"": ""左"", ""on_ground"": 0, ""bbox"": [392, 266, 442, 376]},
    ""5"": {""id"": ""5"", ""direction"": ""上"", ""on_ground"": 1, ""bbox"": [461, 706, 473, 720]},
    ""6"": {""id"": ""6"", ""direction"": ""左"", ""on_ground"": 0, ""bbox"": [164, 516, 178, 551]},
    ""7"": {""id"": ""7"", ""direction"": ""右"", ""on_ground"": 0, ""bbox"": [171, 501, 182, 526]},
    ""8"": {""id"": ""8"", ""direction"": ""右"", ""on_ground"": 1, ""bbox"": [700, 882, 741, 903]},
    ""9"": {""id"": ""9"", ""direction"": ""右"", ""on_ground"": 1, ""bbox"": [615, 791, 656, 812]}
  },
  ""tsrs"": {
    ""1"": {""id"": ""1"", ""direction"": ""左"", ""bbox"": [378, 264, 460, 398]},
    ""2"": {""id"": ""2"", ""direction"": ""左 右"", ""bbox"": [160, 500, 184, 558]}
  },
  ""reverses"": {
    ""1"": {""id"": ""1"", ""bbox"": [473, 609, 486, 633]}
  },
  ""exits"": {
    ""1"": {""id"": ""1"", ""bbox"": [623, 612, 650, 686]}
  },
  ""elevators"": {
    ""1"": {""id"": ""1"", ""bbox"": [508, 416, 569, 452]}
  },
  ""forbiddens"": {},
  ""tollgates"": {},
  ""word_arrow_pairs"": [
    {""pair"": [""1"", ""1""], ""reason"": ""文字'B4'旁的左箭头，指引前往B4方向""},
    {""pair"": [""4"", ""2""], ""reason"": ""文字'商业梯'旁的上箭头，指引商业梯方向""},
    {""pair"": [""6"", ""3""], ""reason"": ""文字'出口'旁的左箭头，指引出口方向""}
  ],
  ""elevator_arrow_pairs"": [
    {""pair"": [""1"", ""2""], ""reason"": ""电梯指示牌'商业梯'旁的上箭头，指引电梯方向""}
  ],
  ""floors"": {
    ""current_floor"": ""B3"",
    ""accessible_floor"": [""B4""],
    ""reason"": ""检测到多处立柱标注'B3'，墙面标注'东塔负三层'，判断当前楼层为B3；同时检测到前往B4的指引标识，故可前往楼层为B4""
  },
  ""areas"": [""E""],
  ""location_type"": ""indoor"",
  ""entry_and_exit"": {}
}",<bbox>359 423 380 456</bbox><bbox>390 421 473 442</bbox><bbox>390 441 482 453</bbox><bbox>526 418 551 439</bbox><bbox>509 438 551 450</bbox><bbox>135 501 150 519</bbox><bbox>135 518 148 532</bbox><bbox>236 606 251 652</bbox><bbox>307 618 319 658</bbox><bbox>800 436 825 596</bbox><bbox>463 630 498 645</bbox><bbox>347 425 360 454</bbox><bbox>555 416 568 446</bbox><bbox>128 503 137 521</bbox><bbox>392 266 442 376</bbox><bbox>461 706 473 720</bbox><bbox>164 516 178 551</bbox><bbox>171 501 182 526</bbox><bbox>700 882 741 903</bbox><bbox>615 791 656 812</bbox><bbox>378 264 460 398</bbox><bbox>160 500 184 558</bbox><bbox>473 609 486 633</bbox><bbox>623 612 650 686</bbox><bbox>508 416 569 452</bbox>,54.928653,5806,3334,9140,0.51011735,"{
  ""words"": {
    ""1"": {
      ""id"": ""1"",
      ""content"": ""B4"",
      ""bbox"": [363, 420, 386, 445]
    },
    ""2"": {
      ""id"": ""2"",
      ""content"": ""东塔写字楼/货梯/转换梯/出口"",
      ""bbox"": [389, 420, 476, 435]
    },
    ""3"": {
      ""id"": ""3"",
      ""content"": ""商业梯"",
      ""bbox"": [514, 415, 541, 430]
    },
    ""4"": {
      ""id"": ""4"",
      ""content"": ""E"",
      ""bbox"": [794, 435, 811, 505]
    },
    ""5"": {
      ""id"": ""5"",
      ""content"": ""B3"",
      ""bbox"": [794, 535, 816, 585]
    },
    ""6"": {
      ""id"": ""6"",
      ""content"": ""东塔负三层"",
      ""bbox"": [464, 630, 496, 645]
    },
    ""7"": {
      ""id"": ""7"",
      ""content"": ""E"",
      ""bbox"": [239, 605, 251, 625]
    },
    ""8"": {
      ""id"": ""8"",
      ""content"": ""B3"",
      ""bbox"": [239, 635, 256, 650]
    }
  },
  ""arrows"": {
    ""1"": {
      ""id"": ""1"",
      ""direction"": ""左"",
      ""on_ground"": 0,
      ""bbox"": [349, 425, 361, 440]
    },
    ""2"": {
      ""id"": ""2"",
      ""direction"": ""上"",
      ""on_ground"": 0,
      ""bbox"": [549, 415, 561, 430]
    },
    ""3"": {
      ""id"": ""3"",
      ""direction"": ""左"",
      ""on_ground"": 0,
      ""bbox"": [394, 275, 436, 350]
    },
    ""4"": {
      ""id"": ""4"",
      ""direction"": ""左"",
      ""on_ground"": 0,
      ""bbox"": [164, 515, 176, 540]
    }
  },
  ""tsrs"": {
    ""1"": {
      ""id"": ""1"",
      ""direction"": ""左"",
      ""bbox"": [379, 260, 456, 395]
    },
    ""2"": {
      ""id"": ""2"",
      ""direction"": ""左"",
      ""bbox"": [154, 500, 181, 555]
    }
  },
  ""reverses"": {},
  ""exits"": {},
  ""elevators"": {
    ""1"": {
      ""id"": ""1"",
      ""bbox"": [344, 405, 566, 450]
    }
  },
  ""forbiddens"": {},
  ""tollgates"": {},
  ""word_arrow_pairs"": [
    {
      ""pair"": [""1"", ""1""],
      ""reason"": ""文字'B4'左侧的左转箭头，明确指引前往B4方向""
    }
  ],
  ""elevator_arrow_pairs"": [
    {
      ""pair"": [""1"", ""1""],
      ""reason"": ""电梯指示牌（含货梯等信息）与左侧左转箭头存在明确指引关系，箭头指示电梯方向""
    }
  ],
  ""floors"": {
    ""current_floor"": ""B3"",
    ""accessible_floor"": [""B4""],
    ""reason"": ""检测到文字'东塔负三层'对应B3层，指示牌显示前往B4方向""
  },
  ""areas"": [""E""],
  ""location_type"": ""indoor"",
  ""entry_and_exit"": {}
}",<bbox>363 420 386 445</bbox><bbox>389 420 476 435</bbox><bbox>514 415 541 430</bbox><bbox>794 435 811 505</bbox><bbox>794 535 816 585</bbox><bbox>464 630 496 645</bbox><bbox>239 605 251 625</bbox><bbox>239 635 256 650</bbox><bbox>349 425 361 440</bbox><bbox>549 415 561 430</bbox><bbox>394 275 436 350</bbox><bbox>164 515 176 540</bbox><bbox>379 260 456 395</bbox><bbox>154 500 181 555</bbox><bbox>344 405 566 450</bbox>,143.2900391,8727,5257,13984,0.445702457,result_with_bboxes_1.jpg,成功,198.2186921
img1.jpg,2,"你是一位专业细致的停车场场景图像识别专家，需对停车场前视图图像进行高精度目标检测与信息提取，最终以标准JSON格式输出结果。核心要求：严格排除车牌、车身图文、地面停车位内数字及停车线；所有目标的bbox坐标需紧贴目标边缘，达到最高精度；无确凿关联的目标不强行关联，禁止脑补不存在的内容。
一、任务执行顺序与核心规则
按以下优先级执行检测，每类目标独立输出，交叉校验避免混淆：
1. 先完成基础目标（文字、箭头）检测，再进行各类指示牌、设施检测
2. 所有方向类判断仅允许输出「上、下、左、右、无法辨认」，多方向用空格分隔
3. bbox坐标统一为[x1,y1,x2,y2]格式，坐标需精准贴合目标边缘
二、分模块检测要求
1. 文字提取（words字段）
- 提取范围：除车牌、车身图文、地面停车位数字外的所有可见文字
- 输出要求：每个文字/词组为1条记录，包含id（唯一标识）、content（文字内容）、bbox（精准坐标）
- 禁止漏检任何符合要求的文字内容
2. 箭头检测（arrows字段）
- 提取范围：所有可见箭头，排除停车线、车道线；多指向箭头需按单个指向拆分独立提取
- 输出字段：
  - id：唯一标识
  - direction：箭头方向，仅允许「上、下、左、右」
  - on_ground：是否在地面（1=是，0=否）
  - bbox：紧贴箭头边缘的精准坐标
- 强制规则：必须检出所有微小箭头（如出口文字旁箭头），不同指向箭头单独记录
3. 功能指示牌与设施检测
（1）圆形含箭头指示牌（tsrs字段）
- 提取范围：仅包含箭头的圆形指示牌，需与掉头指示牌严格区分，无法区分时方向标记为「无法辨认」
- 输出字段：
  - id：唯一标识
  - direction：指示牌内所有箭头方向（多方向用空格分隔）
  - bbox：指示牌整体精准坐标
（2）掉头指示牌（reverses字段）
- 提取范围：专门检测含掉头箭头的独立指示牌
- 输出要求：每个指示牌为1条记录，包含id、bbox（精准坐标）
（3）行人安全出口标识（exits字段）
- 提取范围：仅行人专用安全出口标识（特征：含人形图案、步行箭头、绿色荧光等，排除汽车出口标识）
- 输出要求：每个标识为1条记录，包含id、bbox（精准坐标）
（4）电梯指示牌（elevators字段）
- 提取范围：所有标注「电梯」相关的指示牌
- 输出要求：每个指示牌为1条记录，包含id、bbox（精准坐标）
（5）禁止标识牌（forbiddens字段）
- 提取范围：禁止通行、禁止左转/右转/掉头类标识
- 输出字段：
  - id：唯一标识
  - meaning：禁止含义，仅允许「禁止通行、禁止左转、禁止右转、禁止掉头」
  - bbox：标识整体精准坐标
（6）收费杆（tollgates字段）
- 提取范围：仅停车场收费通道的栏杆，排除限高杆、地面停车限位器
- 输出要求：每个收费杆为1条记录，包含id、bbox（精准坐标）
4. 关联关系检测
（1）文字与箭头关联（word_arrow_pairs字段）
- 关联规则：仅当文字与箭头存在明确指引关系时记录（如""出口""文字旁的右转箭头）
- 输出格式：每条记录为{""pair"": [""文字id"", ""箭头id""], ""reason"": ""关联逻辑描述""}
- 强制要求：无确凿关联不记录
（2）电梯指示牌与箭头关联（elevator_arrow_pairs字段）
- 关联规则：仅当电梯指示牌与箭头存在明确指引关系时记录
- 输出格式：每条记录为{""pair"": [""电梯牌id"", ""箭头id""], ""reason"": ""关联逻辑描述""}
- 强制要求：无确凿关联不记录
5. 场景属性判断
（1）楼层信息（floors字段）
- 输出格式：
{
  ""current_floor"": ""当前楼层或无法判断"",
  ""accessible_floor"": [""可前往楼层列表或空数组""],
  ""reason"": ""推断依据或无有效信息无法判断的说明""
}
- 规则：仅从已检测文字中提取依据，禁止脑补楼层信息
（2）区域信息（areas字段）
- 提取范围：墙面、立柱上标注的区域标识（如东/西/A/B等）
- 输出要求：可识别区域用数组形式列出，无法判断则输出[""无法判断""]
（3）场景类型（location_type字段）
- 仅允许输出：indoor（室内）/outdoor（室外）
（4）停车场出入口指示牌（entry_and_exit字段，仅室外场景需检测）
- 提取范围：仅针对驾驶员的出入口指示牌（非行人标识），需按入口、出口分别框选
- 输出字段：
  - id：唯一标识
  - type：仅允许「出口」/「入口」
  - bbox：精准框选对应指示区域，需处于对应车道正上方
三、最终校验规则
1. 复查所有箭头（含微小箭头）是否漏检，多指向箭头是否拆分独立记录
2. 核对所有bbox坐标是否精准贴合目标边缘
3. 确认所有方向类输出符合限定词要求，无自定义表述
4. 检查是否误包含停车场数字、停车线等禁止内容
5. 关联关系仅保留有明确依据的记录，删除存疑条目
输出格式示例（标准JSON）
{
  ""words"": {
    ""1"": {""id"": ""1"", ""content"": ""出口"", ""bbox"": [100, 200, 180, 230]},
    ""2"": {""id"": ""2"", ""content"": ""B1"", ""bbox"": [50, 50, 80, 70]}
  },
  ""arrows"": {
    ""1"": {""id"": ""1"", ""direction"": ""右"", ""on_ground"": 1, ""bbox"": [120, 250, 160, 280]}
  },
  ""tsrs"": {},
  ""reverses"": {},
  ""exits"": {},
  ""elevators"": {},
  ""forbiddens"": {},
  ""tollgates"": {},
  ""word_arrow_pairs"": [
    {""pair"": [""1"", ""1""], ""reason"": ""文字'出口'旁的右转箭头，指引车辆驶出方向""}
  ],
  ""elevator_arrow_pairs"": [],
  ""floors"": {
    ""current_floor"": ""B1"",
    ""accessible_floor"": [],
    ""reason"": ""检测到文字'B1'，无其他楼层指引信息""
  },
  ""areas"": [""无法判断""],
  ""location_type"": ""indoor"",
  ""entry_and_exit"": {}
}","{
  ""words"": {
    ""1"": {""id"": ""1"", ""content"": ""B4"", ""bbox"": [360, 423, 382, 454]},
    ""2"": {""id"": ""2"", ""content"": ""东塔写字楼/货梯/转换梯/出口"", ""bbox"": [385, 420, 473, 442]},
    ""3"": {""id"": ""3"", ""content"": ""EAST TOWER OFFICE/GOODS LIFT/TRANSFER ELEVATOR/EXIT"", ""bbox"": [385, 439, 482, 453]},
    ""4"": {""id"": ""4"", ""content"": ""商业梯"", ""bbox"": [526, 417, 553, 437]},
    ""5"": {""id"": ""5"", ""content"": ""COMMERCIAL ELEVATOR"", ""bbox"": [507, 434, 553, 447]},
    ""6"": {""id"": ""6"", ""content"": ""出口"", ""bbox"": [135, 500, 150, 517]},
    ""7"": {""id"": ""7"", ""content"": ""EXIT"", ""bbox"": [135, 516, 148, 531]},
    ""8"": {""id"": ""8"", ""content"": ""E"", ""bbox"": [239, 607, 248, 629]},
    ""9"": {""id"": ""9"", ""content"": ""B3"", ""bbox"": [238, 630, 249, 651]},
    ""10"": {""id"": ""10"", ""content"": ""E"", ""bbox"": [309, 617, 317, 637]},
    ""11"": {""id"": ""11"", ""content"": ""B3"", ""bbox"": [308, 638, 317, 657]},
    ""12"": {""id"": ""12"", ""content"": ""E"", ""bbox"": [802, 437, 819, 512]},
    ""13"": {""id"": ""13"", ""content"": ""B3"", ""bbox"": [800, 537, 825, 597]},
    ""14"": {""id"": ""14"", ""content"": ""东塔负三层"", ""bbox"": [463, 630, 498, 645]},
    ""15"": {""id"": ""15"", ""content"": ""安全出口"", ""bbox"": [625, 650, 645, 662]}
  },
  ""arrows"": {
    ""1"": {""id"": ""1"", ""direction"": ""左"", ""on_ground"": 0, ""bbox"": [346, 422, 361, 452]},
    ""2"": {""id"": ""2"", ""direction"": ""上"", ""on_ground"": 0, ""bbox"": [555, 415, 568, 445]},
    ""3"": {""id"": ""3"", ""direction"": ""左"", ""on_ground"": 0, ""bbox"": [131, 501, 140, 520]},
    ""4"": {""id"": ""4"", ""direction"": ""上"", ""on_ground"": 1, ""bbox"": [461, 707, 473, 720]},
    ""5"": {""id"": ""5"", ""direction"": ""右"", ""on_ground"": 1, ""bbox"": [635, 800, 659, 815]},
    ""6"": {""id"": ""6"", ""direction"": ""右"", ""on_ground"": 1, ""bbox"": [715, 877, 742, 900]}
  },
  ""tsrs"": {
    ""1"": {""id"": ""1"", ""direction"": ""左"", ""bbox"": [380, 262, 460, 397]},
    ""2"": {""id"": ""2"", ""direction"": ""左 右"", ""bbox"": [162, 503, 182, 557]}
  },
  ""reverses"": {
    ""1"": {""id"": ""1"", ""bbox"": [473, 610, 486, 632]}
  },
  ""exits"": {
    ""1"": {""id"": ""1"", ""bbox"": [621, 612, 649, 687]}
  },
  ""elevators"": {
    ""1"": {""id"": ""1"", ""bbox"": [507, 412, 578, 457]}
  },
  ""forbiddens"": {},
  ""tollgates"": {},
  ""word_arrow_pairs"": [
    {""pair"": [""1"", ""1""], ""reason"": ""文字'B4'及配套指引文字旁的左转箭头，指引该方向的楼层与设施位置""},
    {""pair"": [""4"", ""2""], ""reason"": ""文字'商业梯'旁的向上箭头，指引商业梯的方向""},
    {""pair"": [""6"", ""3""], ""reason"": ""文字'出口'旁的左转箭头，指引出口方向""}
  ],
  ""elevator_arrow_pairs"": [
    {""pair"": [""1"", ""2""], ""reason"": ""商业梯指示牌旁的向上箭头，指引商业梯的方向""}
  ],
  ""floors"": {
    ""current_floor"": ""B3"",
    ""accessible_floor"": [""B4""],
    ""reason"": ""检测到多个立柱标注'B3'，远处墙面标注'东塔负三层'，判断当前楼层为B3；检测到指引文字'B4'，可知可前往B4楼层""
  },
  ""areas"": [""E""],
  ""location_type"": ""indoor"",
  ""entry_and_exit"": {}
}",<bbox>360 423 382 454</bbox><bbox>385 420 473 442</bbox><bbox>385 439 482 453</bbox><bbox>526 417 553 437</bbox><bbox>507 434 553 447</bbox><bbox>135 500 150 517</bbox><bbox>135 516 148 531</bbox><bbox>239 607 248 629</bbox><bbox>238 630 249 651</bbox><bbox>309 617 317 637</bbox><bbox>308 638 317 657</bbox><bbox>802 437 819 512</bbox><bbox>800 537 825 597</bbox><bbox>463 630 498 645</bbox><bbox>625 650 645 662</bbox><bbox>346 422 361 452</bbox><bbox>555 415 568 445</bbox><bbox>131 501 140 520</bbox><bbox>461 707 473 720</bbox><bbox>635 800 659 815</bbox><bbox>715 877 742 900</bbox><bbox>380 262 460 397</bbox><bbox>162 503 182 557</bbox><bbox>473 610 486 632</bbox><bbox>621 612 649 687</bbox><bbox>507 412 578 457</bbox>,64.23477197,5806,4027,9833,0.451569933,"{
  ""words"": {
    ""1"": {
      ""id"": ""1"",
      ""content"": ""B4"",
      ""bbox"": [363, 418, 386, 446]
    },
    ""2"": {
      ""id"": ""2"",
      ""content"": ""东塔写字楼/货梯/转换梯/出口"",
      ""bbox"": [389, 418, 476, 436]
    },
    ""3"": {
      ""id"": ""3"",
      ""content"": ""商业梯"",
      ""bbox"": [519, 415, 546, 431]
    },
    ""4"": {
      ""id"": ""4"",
      ""content"": ""E"",
      ""bbox"": [794, 433, 809, 512]
    },
    ""5"": {
      ""id"": ""5"",
      ""content"": ""B3"",
      ""bbox"": [794, 538, 816, 586]
    },
    ""6"": {
      ""id"": ""6"",
      ""content"": ""东塔负三层"",
      ""bbox"": [464, 628, 496, 646]
    },
    ""7"": {
      ""id"": ""7"",
      ""content"": ""出口"",
      ""bbox"": [130, 513, 146, 531]
    }
  },
  ""arrows"": {
    ""1"": {
      ""id"": ""1"",
      ""direction"": ""左"",
      ""on_ground"": 0,
      ""bbox"": [388, 273, 447, 362]
    },
    ""2"": {
      ""id"": ""2"",
      ""direction"": ""左"",
      ""on_ground"": 0,
      ""bbox"": [348, 423, 362, 441]
    },
    ""3"": {
      ""id"": ""3"",
      ""direction"": ""上"",
      ""on_ground"": 0,
      ""bbox"": [548, 413, 562, 432]
    },
    ""4"": {
      ""id"": ""4"",
      ""direction"": ""左"",
      ""on_ground"": 0,
      ""bbox"": [158, 518, 172, 542]
    },
    ""5"": {
      ""id"": ""5"",
      ""direction"": ""无法辨认"",
      ""on_ground"": 0,
      ""bbox"": [475, 610, 485, 625]
    }
  },
  ""tsrs"": {
    ""1"": {
      ""id"": ""1"",
      ""direction"": ""左"",
      ""bbox"": [382, 255, 458, 390]
    }
  },
  ""reverses"": {
    ""1"": {
      ""id"": ""1"",
      ""bbox"": [470, 605, 490, 635]
    }
  },
  ""exits"": {},
  ""elevators"": {
    ""1"": {
      ""id"": ""1"",
      ""bbox"": [345, 405, 570, 455]
    }
  },
  ""forbiddens"": {},
  ""tollgates"": {},
  ""word_arrow_pairs"": [
    {
      ""pair"": [""7"", ""4""],
      ""reason"": ""文字'出口'旁的左转箭头，指引车辆驶出方向""
    }
  ],
  ""elevator_arrow_pairs"": [
    {
      ""pair"": [""1"", ""3""],
      ""reason"": ""电梯指示牌'商业梯'旁的上箭头，指引电梯方向""
    }
  ],
  ""floors"": {
    ""current_floor"": ""B3"",
    ""accessible_floor"": [""B4""],
    ""reason"": ""检测到柱子标注'B3'，指示牌显示前往'B4'""
  },
  ""areas"": [""E""],
  ""location_type"": ""indoor"",
  ""entry_and_exit"": {}
}",<bbox>363 418 386 446</bbox><bbox>389 418 476 436</bbox><bbox>519 415 546 431</bbox><bbox>794 433 809 512</bbox><bbox>794 538 816 586</bbox><bbox>464 628 496 646</bbox><bbox>130 513 146 531</bbox><bbox>388 273 447 362</bbox><bbox>348 423 362 441</bbox><bbox>548 413 562 432</bbox><bbox>158 518 172 542</bbox><bbox>475 610 485 625</bbox><bbox>382 255 458 390</bbox><bbox>470 605 490 635</bbox><bbox>345 405 570 455</bbox>,151.703429,8727,5569,14296,0.459930848,result_with_bboxes_2.jpg,成功,215.938201
img1.jpg,3,"你是一位专业细致的停车场场景图像识别专家，需对停车场前视图图像进行高精度目标检测与信息提取，最终以标准JSON格式输出结果。核心要求：严格排除车牌、车身图文、地面停车位内数字及停车线；所有目标的bbox坐标需紧贴目标边缘，达到最高精度；无确凿关联的目标不强行关联，禁止脑补不存在的内容。
一、任务执行顺序与核心规则
按以下优先级执行检测，每类目标独立输出，交叉校验避免混淆：
1. 先完成基础目标（文字、箭头）检测，再进行各类指示牌、设施检测
2. 所有方向类判断仅允许输出「上、下、左、右、无法辨认」，多方向用空格分隔
3. bbox坐标统一为[x1,y1,x2,y2]格式，坐标需精准贴合目标边缘
二、分模块检测要求
1. 文字提取（words字段）
- 提取范围：除车牌、车身图文、地面停车位数字外的所有可见文字
- 输出要求：每个文字/词组为1条记录，包含id（唯一标识）、content（文字内容）、bbox（精准坐标）
- 禁止漏检任何符合要求的文字内容
2. 箭头检测（arrows字段）
- 提取范围：所有可见箭头，排除停车线、车道线；多指向箭头需按单个指向拆分独立提取
- 输出字段：
  - id：唯一标识
  - direction：箭头方向，仅允许「上、下、左、右」
  - on_ground：是否在地面（1=是，0=否）
  - bbox：紧贴箭头边缘的精准坐标
- 强制规则：必须检出所有微小箭头（如出口文字旁箭头），不同指向箭头单独记录
3. 功能指示牌与设施检测
（1）圆形含箭头指示牌（tsrs字段）
- 提取范围：仅包含箭头的圆形指示牌，需与掉头指示牌严格区分，无法区分时方向标记为「无法辨认」
- 输出字段：
  - id：唯一标识
  - direction：指示牌内所有箭头方向（多方向用空格分隔）
  - bbox：指示牌整体精准坐标
（2）掉头指示牌（reverses字段）
- 提取范围：专门检测含掉头箭头的独立指示牌
- 输出要求：每个指示牌为1条记录，包含id、bbox（精准坐标）
（3）行人安全出口标识（exits字段）
- 提取范围：仅行人专用安全出口标识（特征：含人形图案、步行箭头、绿色荧光等，排除汽车出口标识）
- 输出要求：每个标识为1条记录，包含id、bbox（精准坐标）
（4）电梯指示牌（elevators字段）
- 提取范围：所有标注「电梯」相关的指示牌
- 输出要求：每个指示牌为1条记录，包含id、bbox（精准坐标）
（5）禁止标识牌（forbiddens字段）
- 提取范围：禁止通行、禁止左转/右转/掉头类标识
- 输出字段：
  - id：唯一标识
  - meaning：禁止含义，仅允许「禁止通行、禁止左转、禁止右转、禁止掉头」
  - bbox：标识整体精准坐标
（6）收费杆（tollgates字段）
- 提取范围：仅停车场收费通道的栏杆，排除限高杆、地面停车限位器
- 输出要求：每个收费杆为1条记录，包含id、bbox（精准坐标）
4. 关联关系检测
（1）文字与箭头关联（word_arrow_pairs字段）
- 关联规则：仅当文字与箭头存在明确指引关系时记录（如""出口""文字旁的右转箭头）
- 输出格式：每条记录为{""pair"": [""文字id"", ""箭头id""], ""reason"": ""关联逻辑描述""}
- 强制要求：无确凿关联不记录
（2）电梯指示牌与箭头关联（elevator_arrow_pairs字段）
- 关联规则：仅当电梯指示牌与箭头存在明确指引关系时记录
- 输出格式：每条记录为{""pair"": [""电梯牌id"", ""箭头id""], ""reason"": ""关联逻辑描述""}
- 强制要求：无确凿关联不记录
5. 场景属性判断
（1）楼层信息（floors字段）
- 输出格式：
{
  ""current_floor"": ""当前楼层或无法判断"",
  ""accessible_floor"": [""可前往楼层列表或空数组""],
  ""reason"": ""推断依据或无有效信息无法判断的说明""
}
- 规则：仅从已检测文字中提取依据，禁止脑补楼层信息
（2）区域信息（areas字段）
- 提取范围：墙面、立柱上标注的区域标识（如东/西/A/B等）
- 输出要求：可识别区域用数组形式列出，无法判断则输出[""无法判断""]
（3）场景类型（location_type字段）
- 仅允许输出：indoor（室内）/outdoor（室外）
（4）停车场出入口指示牌（entry_and_exit字段，仅室外场景需检测）
- 提取范围：仅针对驾驶员的出入口指示牌（非行人标识），需按入口、出口分别框选
- 输出字段：
  - id：唯一标识
  - type：仅允许「出口」/「入口」
  - bbox：精准框选对应指示区域，需处于对应车道正上方
三、最终校验规则
1. 复查所有箭头（含微小箭头）是否漏检，多指向箭头是否拆分独立记录
2. 核对所有bbox坐标是否精准贴合目标边缘
3. 确认所有方向类输出符合限定词要求，无自定义表述
4. 检查是否误包含停车场数字、停车线等禁止内容
5. 关联关系仅保留有明确依据的记录，删除存疑条目
输出格式示例（标准JSON）
{
  ""words"": {
    ""1"": {""id"": ""1"", ""content"": ""出口"", ""bbox"": [100, 200, 180, 230]},
    ""2"": {""id"": ""2"", ""content"": ""B1"", ""bbox"": [50, 50, 80, 70]}
  },
  ""arrows"": {
    ""1"": {""id"": ""1"", ""direction"": ""右"", ""on_ground"": 1, ""bbox"": [120, 250, 160, 280]}
  },
  ""tsrs"": {},
  ""reverses"": {},
  ""exits"": {},
  ""elevators"": {},
  ""forbiddens"": {},
  ""tollgates"": {},
  ""word_arrow_pairs"": [
    {""pair"": [""1"", ""1""], ""reason"": ""文字'出口'旁的右转箭头，指引车辆驶出方向""}
  ],
  ""elevator_arrow_pairs"": [],
  ""floors"": {
    ""current_floor"": ""B1"",
    ""accessible_floor"": [],
    ""reason"": ""检测到文字'B1'，无其他楼层指引信息""
  },
  ""areas"": [""无法判断""],
  ""location_type"": ""indoor"",
  ""entry_and_exit"": {}
}","{
  ""words"": {
    ""1"": {""id"": ""1"", ""content"": ""B4"", ""bbox"": [358,422,381,457]},
    ""2"": {""id"": ""2"", ""content"": ""东塔写字楼/货梯/转换梯/出口"", ""bbox"": [384,420,474,444]},
    ""3"": {""id"": ""3"", ""content"": ""EAST TOWER OFFICE/GOODS LIFT/TRANSFER ELEVATOR/EXIT"", ""bbox"": [383,439,482,454]},
    ""4"": {""id"": ""4"", ""content"": ""商业梯"", ""bbox"": [524,417,551,439]},
    ""5"": {""id"": ""5"", ""content"": ""COMMERCIAL ELEVATOR"", ""bbox"": [506,435,552,449]},
    ""6"": {""id"": ""6"", ""content"": ""出口"", ""bbox"": [134,500,149,522]},
    ""7"": {""id"": ""7"", ""content"": ""EXIT"", ""bbox"": [134,519,149,533]},
    ""8"": {""id"": ""8"", ""content"": ""东塔负三层"", ""bbox"": [462,631,498,648]},
    ""9"": {""id"": ""9"", ""content"": ""E B3"", ""bbox"": [235,605,251,654]},
    ""10"": {""id"": ""10"", ""content"": ""E B3"", ""bbox"": [304,615,317,659]},
    ""11"": {""id"": ""11"", ""content"": ""E B3"", ""bbox"": [799,435,824,597]}
  },
  ""arrows"": {
    ""1"": {""id"": ""1"", ""direction"": ""左"", ""on_ground"": 0, ""bbox"": [382,266,445,374]},
    ""2"": {""id"": ""2"", ""direction"": ""左"", ""on_ground"": 0, ""bbox"": [344,424,361,454]},
    ""3"": {""id"": ""3"", ""direction"": ""上"", ""on_ground"": 0, ""bbox"": [552,415,567,447]},
    ""4"": {""id"": ""4"", ""direction"": ""左"", ""on_ground"": 0, ""bbox"": [127,502,137,521]},
    ""5"": {""id"": ""5"", ""direction"": ""左"", ""on_ground"": 0, ""bbox"": [162,514,174,544]},
    ""6"": {""id"": ""6"", ""direction"": ""上"", ""on_ground"": 0, ""bbox"": [170,504,182,526]},
    ""7"": {""id"": ""7"", ""direction"": ""上"", ""on_ground"": 1, ""bbox"": [459,705,476,722]}
  },
  ""tsrs"": {
    ""1"": {""id"": ""1"", ""direction"": ""左"", ""bbox"": [376,261,461,400]},
    ""2"": {""id"": ""2"", ""direction"": ""左 上"", ""bbox"": [158,499,185,561]}
  },
  ""reverses"": {
    ""1"": {""id"": ""1"", ""bbox"": [472,609,487,636]}
  },
  ""exits"": {
    ""1"": {""id"": ""1"", ""bbox"": [621,610,649,687]}
  },
  ""elevators"": {
    ""1"": {""id"": ""1"", ""bbox"": [503,412,570,452]},
    ""2"": {""id"": ""2"", ""bbox"": [394,419,466,446]}
  },
  ""forbiddens"": {},
  ""tollgates"": {},
  ""word_arrow_pairs"": [
    {""pair"": [""1"", ""2""], ""reason"": ""文字'B4'旁的左转箭头，指引前往东塔写字楼/货梯/转换梯/出口的方向""},
    {""pair"": [""4"", ""3""], ""reason"": ""文字'商业梯'旁的向上箭头，指引商业梯方向""},
    {""pair"": [""6"", ""4""], ""reason"": ""文字'出口'旁的左转箭头，指引出口方向""}
  ],
  ""elevator_arrow_pairs"": [
    {""pair"": [""1"", ""3""], ""reason"": ""商业梯指示牌旁的向上箭头，指引电梯方向""},
    {""pair"": [""2"", ""2""], ""reason"": ""货梯/转换梯指示牌旁的左转箭头，指引电梯方向""}
  ],
  ""floors"": {
    ""current_floor"": ""B3"",
    ""accessible_floor"": [""B4""],
    ""reason"": ""检测到多处柱子标注'E B3'及墙面文字'东塔负三层'，判断当前楼层为B3；指示牌标注'B4'，说明可前往B4楼层""
  },
  ""areas"": [""E""],
  ""location_type"": ""indoor"",
  ""entry_and_exit"": {}
}",<bbox>358 422 381 457</bbox><bbox>384 420 474 444</bbox><bbox>383 439 482 454</bbox><bbox>524 417 551 439</bbox><bbox>506 435 552 449</bbox><bbox>134 500 149 522</bbox><bbox>134 519 149 533</bbox><bbox>462 631 498 648</bbox><bbox>235 605 251 654</bbox><bbox>304 615 317 659</bbox><bbox>799 435 824 597</bbox><bbox>382 266 445 374</bbox><bbox>344 424 361 454</bbox><bbox>552 415 567 447</bbox><bbox>127 502 137 521</bbox><bbox>162 514 174 544</bbox><bbox>170 504 182 526</bbox><bbox>459 705 476 722</bbox><bbox>376 261 461 400</bbox><bbox>158 499 185 561</bbox><bbox>472 609 487 636</bbox><bbox>621 610 649 687</bbox><bbox>503 412 570 452</bbox><bbox>394 419 466 446</bbox>,89.79141688,5806,5275,11081,0.537075767,"{
  ""words"": {
    ""1"": {
      ""id"": ""1"",
      ""content"": ""B4"",
      ""bbox"": [362, 420, 388, 448]
    },
    ""2"": {
      ""id"": ""2"",
      ""content"": ""出口"",
      ""bbox"": [458, 418, 475, 435]
    },
    ""3"": {
      ""id"": ""3"",
      ""content"": ""商业梯"",
      ""bbox"": [520, 415, 545, 432]
    },
    ""4"": {
      ""id"": ""4"",
      ""content"": ""E"",
      ""bbox"": [795, 435, 810, 510]
    },
    ""5"": {
      ""id"": ""5"",
      ""content"": ""B3"",
      ""bbox"": [795, 535, 815, 585]
    },
    ""6"": {
      ""id"": ""6"",
      ""content"": ""E"",
      ""bbox"": [240, 605, 250, 630]
    },
    ""7"": {
      ""id"": ""7"",
      ""content"": ""B3"",
      ""bbox"": [240, 635, 255, 655]
    },
    ""8"": {
      ""id"": ""8"",
      ""content"": ""东塔负三层"",
      ""bbox"": [465, 630, 495, 645]
    },
    ""9"": {
      ""id"": ""9"",
      ""content"": ""东塔写字楼"",
      ""bbox"": [385, 418, 425, 433]
    },
    ""10"": {
      ""id"": ""10"",
      ""content"": ""货梯"",
      ""bbox"": [428, 418, 443, 433]
    },
    ""11"": {
      ""id"": ""11"",
      ""content"": ""转换梯"",
      ""bbox"": [445, 418, 460, 433]
    }
  },
  ""arrows"": {
    ""1"": {
      ""id"": ""1"",
      ""direction"": ""左"",
      ""on_ground"": 0,
      ""bbox"": [348, 423, 358, 440]
    },
    ""2"": {
      ""id"": ""2"",
      ""direction"": ""上"",
      ""on_ground"": 0,
      ""bbox"": [548, 413, 558, 430]
    },
    ""3"": {
      ""id"": ""3"",
      ""direction"": ""左"",
      ""on_ground"": 0,
      ""bbox"": [393, 273, 433, 348]
    },
    ""4"": {
      ""id"": ""4"",
      ""direction"": ""左"",
      ""on_ground"": 0,
      ""bbox"": [163, 513, 173, 538]
    }
  },
  ""tsrs"": {
    ""1"": {
      ""id"": ""1"",
      ""direction"": ""左"",
      ""bbox"": [383, 258, 455, 393]
    },
    ""2"": {
      ""id"": ""2"",
      ""direction"": ""左"",
      ""bbox"": [156, 498, 178, 553]
    }
  },
  ""reverses"": {
    ""1"": {
      ""id"": ""1"",
      ""bbox"": [473, 608, 483, 628]
    }
  },
  ""exits"": {},
  ""elevators"": {
    ""1"": {
      ""id"": ""1"",
      ""bbox"": [343, 403, 565, 453]
    }
  },
  ""forbiddens"": {},
  ""tollgates"": {},
  ""word_arrow_pairs"": [
    {
      ""pair"": [""1"", ""1""],
      ""reason"": ""文字'B4'旁的左转箭头，指引车辆前往B4区域方向""
    },
    {
      ""pair"": [""3"", ""2""],
      ""reason"": ""文字'商业梯'旁的上箭头，指引前往商业梯方向""
    }
  ],
  ""elevator_arrow_pairs"": [
    {
      ""pair"": [""1"", ""2""],
      ""reason"": ""电梯指示牌'商业梯'区域的上箭头，明确指引电梯方向""
    }
  ],
  ""floors"": {
    ""current_floor"": ""B3"",
    ""accessible_floor"": [],
    ""reason"": ""检测到柱子上文字'B3'，无其他楼层指引信息""
  },
  ""areas"": [""E""],
  ""location_type"": ""indoor"",
  ""entry_and_exit"": {}
}",<bbox>362 420 388 448</bbox><bbox>458 418 475 435</bbox><bbox>520 415 545 432</bbox><bbox>795 435 810 510</bbox><bbox>795 535 815 585</bbox><bbox>240 605 250 630</bbox><bbox>240 635 255 655</bbox><bbox>465 630 495 645</bbox><bbox>385 418 425 433</bbox><bbox>428 418 443 433</bbox><bbox>445 418 460 433</bbox><bbox>348 423 358 440</bbox><bbox>548 413 558 430</bbox><bbox>393 273 433 348</bbox><bbox>163 513 173 538</bbox><bbox>383 258 455 393</bbox><bbox>156 498 178 553</bbox><bbox>473 608 483 628</bbox><bbox>343 403 565 453</bbox>,158.4723241,8727,6593,15320,0.355651965,result_with_bboxes_3.jpg,成功,248.263741
img1.jpg,4,"你是一位专业细致的停车场场景图像识别专家，需对停车场前视图图像进行高精度目标检测与信息提取，最终以标准JSON格式输出结果。核心要求：严格排除车牌、车身图文、地面停车位内数字及停车线；所有目标的bbox坐标需紧贴目标边缘，达到最高精度；无确凿关联的目标不强行关联，禁止脑补不存在的内容。
一、任务执行顺序与核心规则
按以下优先级执行检测，每类目标独立输出，交叉校验避免混淆：
1. 先完成基础目标（文字、箭头）检测，再进行各类指示牌、设施检测
2. 所有方向类判断仅允许输出「上、下、左、右、无法辨认」，多方向用空格分隔
3. bbox坐标统一为[x1,y1,x2,y2]格式，坐标需精准贴合目标边缘
二、分模块检测要求
1. 文字提取（words字段）
- 提取范围：除车牌、车身图文、地面停车位数字外的所有可见文字
- 输出要求：每个文字/词组为1条记录，包含id（唯一标识）、content（文字内容）、bbox（精准坐标）
- 禁止漏检任何符合要求的文字内容
2. 箭头检测（arrows字段）
- 提取范围：所有可见箭头，排除停车线、车道线；多指向箭头需按单个指向拆分独立提取
- 输出字段：
  - id：唯一标识
  - direction：箭头方向，仅允许「上、下、左、右」
  - on_ground：是否在地面（1=是，0=否）
  - bbox：紧贴箭头边缘的精准坐标
- 强制规则：必须检出所有微小箭头（如出口文字旁箭头），不同指向箭头单独记录
3. 功能指示牌与设施检测
（1）圆形含箭头指示牌（tsrs字段）
- 提取范围：仅包含箭头的圆形指示牌，需与掉头指示牌严格区分，无法区分时方向标记为「无法辨认」
- 输出字段：
  - id：唯一标识
  - direction：指示牌内所有箭头方向（多方向用空格分隔）
  - bbox：指示牌整体精准坐标
（2）掉头指示牌（reverses字段）
- 提取范围：专门检测含掉头箭头的独立指示牌
- 输出要求：每个指示牌为1条记录，包含id、bbox（精准坐标）
（3）行人安全出口标识（exits字段）
- 提取范围：仅行人专用安全出口标识（特征：含人形图案、步行箭头、绿色荧光等，排除汽车出口标识）
- 输出要求：每个标识为1条记录，包含id、bbox（精准坐标）
（4）电梯指示牌（elevators字段）
- 提取范围：所有标注「电梯」相关的指示牌
- 输出要求：每个指示牌为1条记录，包含id、bbox（精准坐标）
（5）禁止标识牌（forbiddens字段）
- 提取范围：禁止通行、禁止左转/右转/掉头类标识
- 输出字段：
  - id：唯一标识
  - meaning：禁止含义，仅允许「禁止通行、禁止左转、禁止右转、禁止掉头」
  - bbox：标识整体精准坐标
（6）收费杆（tollgates字段）
- 提取范围：仅停车场收费通道的栏杆，排除限高杆、地面停车限位器
- 输出要求：每个收费杆为1条记录，包含id、bbox（精准坐标）
4. 关联关系检测
（1）文字与箭头关联（word_arrow_pairs字段）
- 关联规则：仅当文字与箭头存在明确指引关系时记录（如""出口""文字旁的右转箭头）
- 输出格式：每条记录为{""pair"": [""文字id"", ""箭头id""], ""reason"": ""关联逻辑描述""}
- 强制要求：无确凿关联不记录
（2）电梯指示牌与箭头关联（elevator_arrow_pairs字段）
- 关联规则：仅当电梯指示牌与箭头存在明确指引关系时记录
- 输出格式：每条记录为{""pair"": [""电梯牌id"", ""箭头id""], ""reason"": ""关联逻辑描述""}
- 强制要求：无确凿关联不记录
5. 场景属性判断
（1）楼层信息（floors字段）
- 输出格式：
{
  ""current_floor"": ""当前楼层或无法判断"",
  ""accessible_floor"": [""可前往楼层列表或空数组""],
  ""reason"": ""推断依据或无有效信息无法判断的说明""
}
- 规则：仅从已检测文字中提取依据，禁止脑补楼层信息
（2）区域信息（areas字段）
- 提取范围：墙面、立柱上标注的区域标识（如东/西/A/B等）
- 输出要求：可识别区域用数组形式列出，无法判断则输出[""无法判断""]
（3）场景类型（location_type字段）
- 仅允许输出：indoor（室内）/outdoor（室外）
（4）停车场出入口指示牌（entry_and_exit字段，仅室外场景需检测）
- 提取范围：仅针对驾驶员的出入口指示牌（非行人标识），需按入口、出口分别框选
- 输出字段：
  - id：唯一标识
  - type：仅允许「出口」/「入口」
  - bbox：精准框选对应指示区域，需处于对应车道正上方
三、最终校验规则
1. 复查所有箭头（含微小箭头）是否漏检，多指向箭头是否拆分独立记录
2. 核对所有bbox坐标是否精准贴合目标边缘
3. 确认所有方向类输出符合限定词要求，无自定义表述
4. 检查是否误包含停车场数字、停车线等禁止内容
5. 关联关系仅保留有明确依据的记录，删除存疑条目
输出格式示例（标准JSON）
{
  ""words"": {
    ""1"": {""id"": ""1"", ""content"": ""出口"", ""bbox"": [100, 200, 180, 230]},
    ""2"": {""id"": ""2"", ""content"": ""B1"", ""bbox"": [50, 50, 80, 70]}
  },
  ""arrows"": {
    ""1"": {""id"": ""1"", ""direction"": ""右"", ""on_ground"": 1, ""bbox"": [120, 250, 160, 280]}
  },
  ""tsrs"": {},
  ""reverses"": {},
  ""exits"": {},
  ""elevators"": {},
  ""forbiddens"": {},
  ""tollgates"": {},
  ""word_arrow_pairs"": [
    {""pair"": [""1"", ""1""], ""reason"": ""文字'出口'旁的右转箭头，指引车辆驶出方向""}
  ],
  ""elevator_arrow_pairs"": [],
  ""floors"": {
    ""current_floor"": ""B1"",
    ""accessible_floor"": [],
    ""reason"": ""检测到文字'B1'，无其他楼层指引信息""
  },
  ""areas"": [""无法判断""],
  ""location_type"": ""indoor"",
  ""entry_and_exit"": {}
}","{
  ""words"": {
    ""1"": {""id"": ""1"", ""content"": ""出口"", ""bbox"": [135, 501, 151, 526]},
    ""2"": {""id"": ""2"", ""content"": ""EXIT"", ""bbox"": [135, 525, 151, 536]},
    ""3"": {""id"": ""3"", ""content"": ""B4"", ""bbox"": [359, 422, 380, 454]},
    ""4"": {""id"": ""4"", ""content"": ""东塔写字楼/货梯/转换梯/出口"", ""bbox"": [385, 419, 471, 440]},
    ""5"": {""id"": ""5"", ""content"": ""EAST TOWER OFFICE/GOODS LIFT/TRANSFER ELEVATOR/EXIT"", ""bbox"": [385, 439, 481, 450]},
    ""6"": {""id"": ""6"", ""content"": ""商业梯"", ""bbox"": [526, 416, 551, 437]},
    ""7"": {""id"": ""7"", ""content"": ""COMMERCIAL ELEVATOR"", ""bbox"": [507, 436, 551, 447]},
    ""8"": {""id"": ""8"", ""content"": ""E B3"", ""bbox"": [237, 606, 251, 652]},
    ""9"": {""id"": ""9"", ""content"": ""E B3"", ""bbox"": [307, 616, 319, 657]},
    ""10"": {""id"": ""10"", ""content"": ""东塔负三层"", ""bbox"": [464, 631, 498, 645]},
    ""11"": {""id"": ""11"", ""content"": ""E B3"", ""bbox"": [800, 436, 823, 597]}
  },
  ""arrows"": {
    ""1"": {""id"": ""1"", ""direction"": ""左"", ""on_ground"": 0, ""bbox"": [345, 421, 358, 449]},
    ""2"": {""id"": ""2"", ""direction"": ""上"", ""on_ground"": 0, ""bbox"": [556, 414, 569, 447]},
    ""3"": {""id"": ""3"", ""direction"": ""左"", ""on_ground"": 0, ""bbox"": [127, 503, 136, 518]},
    ""4"": {""id"": ""4"", ""direction"": ""左"", ""on_ground"": 0, ""bbox"": [391, 266, 442, 373]},
    ""5"": {""id"": ""5"", ""direction"": ""上"", ""on_ground"": 1, ""bbox"": [461, 706, 473, 719]},
    ""6"": {""id"": ""6"", ""direction"": ""左"", ""on_ground"": 0, ""bbox"": [164, 514, 173, 539]},
    ""7"": {""id"": ""7"", ""direction"": ""上"", ""on_ground"": 0, ""bbox"": [171, 504, 180, 529]}
  },
  ""tsrs"": {
    ""1"": {""id"": ""1"", ""direction"": ""左"", ""bbox"": [378, 262, 459, 397]},
    ""2"": {""id"": ""2"", ""direction"": ""左 上"", ""bbox"": [160, 501, 183, 560]}
  },
  ""reverses"": {
    ""1"": {""id"": ""1"", ""bbox"": [475, 610, 488, 635]}
  },
  ""exits"": {
    ""1"": {""id"": ""1"", ""bbox"": [623, 612, 651, 687]}
  },
  ""elevators"": {
    ""1"": {""id"": ""1"", ""bbox"": [507, 414, 569, 449]}
  },
  ""forbiddens"": {},
  ""tollgates"": {},
  ""word_arrow_pairs"": [
    {""pair"": [""1"", ""3""], ""reason"": ""文字'出口'旁的左转箭头，指引出口方向""},
    {""pair"": [""3"", ""1""], ""reason"": ""文字'B4'旁的左转箭头，指引前往B4及东塔写字楼/货梯/转换梯/出口的方向""},
    {""pair"": [""6"", ""2""], ""reason"": ""文字'商业梯'旁的向上箭头，指引商业梯方向""}
  ],
  ""elevator_arrow_pairs"": [
    {""pair"": [""1"", ""2""], ""reason"": ""商业梯指示牌旁的向上箭头，指引电梯所在方向""}
  ],
  ""floors"": {
    ""current_floor"": ""B3"",
    ""accessible_floor"": [""B4""],
    ""reason"": ""检测到多个立柱标注'E B3'及墙面文字'东塔负三层'，判断当前楼层为B3；指示牌显示'B4'，说明可前往B4楼层""
  },
  ""areas"": [""E""],
  ""location_type"": ""indoor"",
  ""entry_and_exit"": {}
}",<bbox>135 501 151 526</bbox><bbox>135 525 151 536</bbox><bbox>359 422 380 454</bbox><bbox>385 419 471 440</bbox><bbox>385 439 481 450</bbox><bbox>526 416 551 437</bbox><bbox>507 436 551 447</bbox><bbox>237 606 251 652</bbox><bbox>307 616 319 657</bbox><bbox>464 631 498 645</bbox><bbox>800 436 823 597</bbox><bbox>345 421 358 449</bbox><bbox>556 414 569 447</bbox><bbox>127 503 136 518</bbox><bbox>391 266 442 373</bbox><bbox>461 706 473 719</bbox><bbox>164 514 173 539</bbox><bbox>171 504 180 529</bbox><bbox>378 262 459 397</bbox><bbox>160 501 183 560</bbox><bbox>475 610 488 635</bbox><bbox>623 612 651 687</bbox><bbox>507 414 569 449</bbox>,93.99488902,5806,5724,11530,0.540216652,"{
  ""words"": {
    ""1"": {
      ""id"": ""1"",
      ""content"": ""B4"",
      ""bbox"": [365, 420, 388, 448]
    },
    ""2"": {
      ""id"": ""2"",
      ""content"": ""东塔写字楼"",
      ""bbox"": [390, 420, 435, 440]
    },
    ""3"": {
      ""id"": ""3"",
      ""content"": ""货梯"",
      ""bbox"": [438, 420, 455, 440]
    },
    ""4"": {
      ""id"": ""4"",
      ""content"": ""转换梯"",
      ""bbox"": [458, 420, 485, 440]
    },
    ""5"": {
      ""id"": ""5"",
      ""content"": ""出口"",
      ""bbox"": [488, 420, 505, 440]
    },
    ""6"": {
      ""id"": ""6"",
      ""content"": ""商业梯"",
      ""bbox"": [520, 420, 545, 440]
    },
    ""7"": {
      ""id"": ""7"",
      ""content"": ""E"",
      ""bbox"": [795, 435, 810, 510]
    },
    ""8"": {
      ""id"": ""8"",
      ""content"": ""B3"",
      ""bbox"": [795, 535, 815, 585]
    },
    ""9"": {
      ""id"": ""9"",
      ""content"": ""东塔负三层"",
      ""bbox"": [465, 625, 495, 645]
    }
  },
  ""arrows"": {
    ""1"": {
      ""id"": ""1"",
      ""direction"": ""左"",
      ""on_ground"": 0,
      ""bbox"": [385, 275, 435, 365]
    },
    ""2"": {
      ""id"": ""2"",
      ""direction"": ""左"",
      ""on_ground"": 0,
      ""bbox"": [350, 425, 362, 445]
    },
    ""3"": {
      ""id"": ""3"",
      ""direction"": ""上"",
      ""on_ground"": 0,
      ""bbox"": [550, 415, 562, 435]
    },
    ""4"": {
      ""id"": ""4"",
      ""direction"": ""右"",
      ""on_ground"": 0,
      ""bbox"": [160, 515, 175, 545]
    }
  },
  ""tsrs"": {
    ""1"": {
      ""id"": ""1"",
      ""direction"": ""左"",
      ""bbox"": [380, 260, 455, 395]
    }
  },
  ""reverses"": {
    ""1"": {
      ""id"": ""1"",
      ""bbox"": [470, 610, 485, 635]
    }
  },
  ""exits"": {},
  ""elevators"": {},
  ""forbiddens"": {},
  ""tollgates"": {},
  ""word_arrow_pairs"": [
    {
      ""pair"": [""5"", ""4""],
      ""reason"": ""文字'出口'与右侧蓝色指示牌的右转箭头存在明确指引关系，箭头位于文字正下方且方向一致""
    }
  ],
  ""elevator_arrow_pairs"": [],
  ""floors"": {
    ""current_floor"": ""B3"",
    ""accessible_floor"": [""B4""],
    ""reason"": ""检测到柱子及墙面文字'B3'和'东塔负三层'（负三层即B3），黑色指示牌显示可前往'B4'楼层""
  },
  ""areas"": [""E""],
  ""location_type"": ""indoor"",
  ""entry_and_exit"": {}
}",<bbox>365 420 388 448</bbox><bbox>390 420 435 440</bbox><bbox>438 420 455 440</bbox><bbox>458 420 485 440</bbox><bbox>488 420 505 440</bbox><bbox>520 420 545 440</bbox><bbox>795 435 810 510</bbox><bbox>795 535 815 585</bbox><bbox>465 625 495 645</bbox><bbox>385 275 435 365</bbox><bbox>350 425 362 445</bbox><bbox>550 415 562 435</bbox><bbox>160 515 175 545</bbox><bbox>380 260 455 395</bbox><bbox>470 610 485 635</bbox>,173.2011411,8727,6396,15123,0.448011475,result_with_bboxes_4.jpg,成功,267.1960301
img2.jpg,0,"你是一位专业细致的停车场场景图像识别专家，需对停车场前视图图像进行高精度目标检测与信息提取，最终以标准JSON格式输出结果。核心要求：严格排除车牌、车身图文、地面停车位内数字及停车线；所有目标的bbox坐标需紧贴目标边缘，达到最高精度；无确凿关联的目标不强行关联，禁止脑补不存在的内容。
一、任务执行顺序与核心规则
按以下优先级执行检测，每类目标独立输出，交叉校验避免混淆：
1. 先完成基础目标（文字、箭头）检测，再进行各类指示牌、设施检测
2. 所有方向类判断仅允许输出「上、下、左、右、无法辨认」，多方向用空格分隔
3. bbox坐标统一为[x1,y1,x2,y2]格式，坐标需精准贴合目标边缘
二、分模块检测要求
1. 文字提取（words字段）
- 提取范围：除车牌、车身图文、地面停车位数字外的所有可见文字
- 输出要求：每个文字/词组为1条记录，包含id（唯一标识）、content（文字内容）、bbox（精准坐标）
- 禁止漏检任何符合要求的文字内容
2. 箭头检测（arrows字段）
- 提取范围：所有可见箭头，排除停车线、车道线；多指向箭头需按单个指向拆分独立提取
- 输出字段：
  - id：唯一标识
  - direction：箭头方向，仅允许「上、下、左、右」
  - on_ground：是否在地面（1=是，0=否）
  - bbox：紧贴箭头边缘的精准坐标
- 强制规则：必须检出所有微小箭头（如出口文字旁箭头），不同指向箭头单独记录
3. 功能指示牌与设施检测
（1）圆形含箭头指示牌（tsrs字段）
- 提取范围：仅包含箭头的圆形指示牌，需与掉头指示牌严格区分，无法区分时方向标记为「无法辨认」
- 输出字段：
  - id：唯一标识
  - direction：指示牌内所有箭头方向（多方向用空格分隔）
  - bbox：指示牌整体精准坐标
（2）掉头指示牌（reverses字段）
- 提取范围：专门检测含掉头箭头的独立指示牌
- 输出要求：每个指示牌为1条记录，包含id、bbox（精准坐标）
（3）行人安全出口标识（exits字段）
- 提取范围：仅行人专用安全出口标识（特征：含人形图案、步行箭头、绿色荧光等，排除汽车出口标识）
- 输出要求：每个标识为1条记录，包含id、bbox（精准坐标）
（4）电梯指示牌（elevators字段）
- 提取范围：所有标注「电梯」相关的指示牌
- 输出要求：每个指示牌为1条记录，包含id、bbox（精准坐标）
（5）禁止标识牌（forbiddens字段）
- 提取范围：禁止通行、禁止左转/右转/掉头类标识
- 输出字段：
  - id：唯一标识
  - meaning：禁止含义，仅允许「禁止通行、禁止左转、禁止右转、禁止掉头」
  - bbox：标识整体精准坐标
（6）收费杆（tollgates字段）
- 提取范围：仅停车场收费通道的栏杆，排除限高杆、地面停车限位器
- 输出要求：每个收费杆为1条记录，包含id、bbox（精准坐标）
4. 关联关系检测
（1）文字与箭头关联（word_arrow_pairs字段）
- 关联规则：仅当文字与箭头存在明确指引关系时记录（如""出口""文字旁的右转箭头）
- 输出格式：每条记录为{""pair"": [""文字id"", ""箭头id""], ""reason"": ""关联逻辑描述""}
- 强制要求：无确凿关联不记录
（2）电梯指示牌与箭头关联（elevator_arrow_pairs字段）
- 关联规则：仅当电梯指示牌与箭头存在明确指引关系时记录
- 输出格式：每条记录为{""pair"": [""电梯牌id"", ""箭头id""], ""reason"": ""关联逻辑描述""}
- 强制要求：无确凿关联不记录
5. 场景属性判断
（1）楼层信息（floors字段）
- 输出格式：
{
  ""current_floor"": ""当前楼层或无法判断"",
  ""accessible_floor"": [""可前往楼层列表或空数组""],
  ""reason"": ""推断依据或无有效信息无法判断的说明""
}
- 规则：仅从已检测文字中提取依据，禁止脑补楼层信息
（2）区域信息（areas字段）
- 提取范围：墙面、立柱上标注的区域标识（如东/西/A/B等）
- 输出要求：可识别区域用数组形式列出，无法判断则输出[""无法判断""]
（3）场景类型（location_type字段）
- 仅允许输出：indoor（室内）/outdoor（室外）
（4）停车场出入口指示牌（entry_and_exit字段，仅室外场景需检测）
- 提取范围：仅针对驾驶员的出入口指示牌（非行人标识），需按入口、出口分别框选
- 输出字段：
  - id：唯一标识
  - type：仅允许「出口」/「入口」
  - bbox：精准框选对应指示区域，需处于对应车道正上方
三、最终校验规则
1. 复查所有箭头（含微小箭头）是否漏检，多指向箭头是否拆分独立记录
2. 核对所有bbox坐标是否精准贴合目标边缘
3. 确认所有方向类输出符合限定词要求，无自定义表述
4. 检查是否误包含停车场数字、停车线等禁止内容
5. 关联关系仅保留有明确依据的记录，删除存疑条目
输出格式示例（标准JSON）
{
  ""words"": {
    ""1"": {""id"": ""1"", ""content"": ""出口"", ""bbox"": [100, 200, 180, 230]},
    ""2"": {""id"": ""2"", ""content"": ""B1"", ""bbox"": [50, 50, 80, 70]}
  },
  ""arrows"": {
    ""1"": {""id"": ""1"", ""direction"": ""右"", ""on_ground"": 1, ""bbox"": [120, 250, 160, 280]}
  },
  ""tsrs"": {},
  ""reverses"": {},
  ""exits"": {},
  ""elevators"": {},
  ""forbiddens"": {},
  ""tollgates"": {},
  ""word_arrow_pairs"": [
    {""pair"": [""1"", ""1""], ""reason"": ""文字'出口'旁的右转箭头，指引车辆驶出方向""}
  ],
  ""elevator_arrow_pairs"": [],
  ""floors"": {
    ""current_floor"": ""B1"",
    ""accessible_floor"": [],
    ""reason"": ""检测到文字'B1'，无其他楼层指引信息""
  },
  ""areas"": [""无法判断""],
  ""location_type"": ""indoor"",
  ""entry_and_exit"": {}
}","{
  ""words"": {
    ""1"": {""id"": ""1"", ""content"": ""出口"", ""bbox"": [0, 494, 22, 512]},
    ""2"": {""id"": ""2"", ""content"": ""B3"", ""bbox"": [254, 510, 282, 554]},
    ""3"": {""id"": ""3"", ""content"": ""H区01道"", ""bbox"": [255, 562, 283, 580]},
    ""4"": {""id"": ""4"", ""content"": ""禁止左转"", ""bbox"": [435, 480, 451, 492]},
    ""5"": {""id"": ""5"", ""content"": ""车位"", ""bbox"": [517, 476, 539, 494]},
    ""6"": {""id"": ""6"", ""content"": ""B3"", ""bbox"": [623, 510, 651, 554]},
    ""7"": {""id"": ""7"", ""content"": ""H区01道"", ""bbox"": [622, 560, 652, 578]},
    ""8"": {""id"": ""8"", ""content"": ""出口"", ""bbox"": [497, 512, 509, 522]}
  },
  ""arrows"": {
    ""1"": {""id"": ""1"", ""direction"": ""左"", ""on_ground"": 1, ""bbox"": [298, 700, 359, 772]},
    ""2"": {""id"": ""2"", ""direction"": ""上"", ""on_ground"": 1, ""bbox"": [478, 698, 503, 770]},
    ""3"": {""id"": ""3"", ""direction"": ""上"", ""on_ground"": 0, ""bbox"": [540, 476, 548, 498]},
    ""4"": {""id"": ""4"", ""direction"": ""右"", ""on_ground"": 0, ""bbox"": [19, 496, 25, 508]}
  },
  ""tsrs"": {},
  ""reverses"": {},
  ""exits"": {},
  ""elevators"": {},
  ""forbiddens"": {
    ""1"": {""id"": ""1"", ""meaning"": ""禁止左转"", ""bbox"": [418, 472, 431, 496]}
  },
  ""tollgates"": {},
  ""word_arrow_pairs"": [
    {""pair"": [""1"", ""4""], ""reason"": ""文字'出口'旁的右转箭头，指引出口方向""},
    {""pair"": [""5"", ""3""], ""reason"": ""文字'车位'旁的向上箭头，指引车位方向""}
  ],
  ""elevator_arrow_pairs"": [],
  ""floors"": {
    ""current_floor"": ""B3"",
    ""accessible_floor"": [],
    ""reason"": ""检测到多处标注'B3'的文字，无其他楼层指引信息""
  },
  ""areas"": [""H区""],
  ""location_type"": ""indoor"",
  ""entry_and_exit"": {}
}",<bbox>0 494 22 512</bbox><bbox>254 510 282 554</bbox><bbox>255 562 283 580</bbox><bbox>435 480 451 492</bbox><bbox>517 476 539 494</bbox><bbox>623 510 651 554</bbox><bbox>622 560 652 578</bbox><bbox>497 512 509 522</bbox><bbox>298 700 359 772</bbox><bbox>478 698 503 770</bbox><bbox>540 476 548 498</bbox><bbox>19 496 25 508</bbox><bbox>418 472 431 496</bbox>,37.106323,5806,2115,7921,0.640104138,"{
  ""words"": {
    ""1"": {
      ""id"": ""1"",
      ""content"": ""B3"",
      ""bbox"": [255, 508, 284, 555]
    },
    ""2"": {
      ""id"": ""2"",
      ""content"": ""H区01道"",
      ""bbox"": [255, 561, 286, 579]
    },
    ""3"": {
      ""id"": ""3"",
      ""content"": ""B3"",
      ""bbox"": [618, 505, 650, 552]
    },
    ""4"": {
      ""id"": ""4"",
      ""content"": ""H区01道"",
      ""bbox"": [618, 558, 652, 576]
    },
    ""5"": {
      ""id"": ""5"",
      ""content"": ""车位"",
      ""bbox"": [513, 468, 536, 492]
    }
  },
  ""arrows"": {
    ""1"": {
      ""id"": ""1"",
      ""direction"": ""上"",
      ""on_ground"": 1,
      ""bbox"": [476, 698, 502, 772]
    },
    ""2"": {
      ""id"": ""2"",
      ""direction"": ""左"",
      ""on_ground"": 1,
      ""bbox"": [293, 708, 342, 777]
    },
    ""3"": {
      ""id"": ""3"",
      ""direction"": ""上"",
      ""on_ground"": 0,
      ""bbox"": [535, 468, 546, 492]
    }
  },
  ""tsrs"": {},
  ""reverses"": {},
  ""exits"": {},
  ""elevators"": {},
  ""forbiddens"": {
    ""1"": {
      ""id"": ""1"",
      ""meaning"": ""禁止左转"",
      ""bbox"": [421, 468, 436, 492]
    }
  },
  ""tollgates"": {},
  ""word_arrow_pairs"": [
    {
      ""pair"": [""5"", ""3""],
      ""reason"": ""文字'车位'旁的向上箭头，明确指引车位方向""
    }
  ],
  ""elevator_arrow_pairs"": [],
  ""floors"": {
    ""current_floor"": ""B3"",
    ""accessible_floor"": [],
    ""reason"": ""检测到柱子上的文字'B3'，无其他楼层指引信息""
  },
  ""areas"": [""H区""],
  ""location_type"": ""indoor"",
  ""entry_and_exit"": {}
}",<bbox>255 508 284 555</bbox><bbox>255 561 286 579</bbox><bbox>618 505 650 552</bbox><bbox>618 558 652 576</bbox><bbox>513 468 536 492</bbox><bbox>476 698 502 772</bbox><bbox>293 708 342 777</bbox><bbox>535 468 546 492</bbox><bbox>421 468 436 492</bbox>,75.93864608,8727,2880,11607,0.600936462,result_with_bboxes_5.jpg,成功,113.0449691
img2.jpg,1,"你是一位专业细致的停车场场景图像识别专家，需对停车场前视图图像进行高精度目标检测与信息提取，最终以标准JSON格式输出结果。核心要求：严格排除车牌、车身图文、地面停车位内数字及停车线；所有目标的bbox坐标需紧贴目标边缘，达到最高精度；无确凿关联的目标不强行关联，禁止脑补不存在的内容。
一、任务执行顺序与核心规则
按以下优先级执行检测，每类目标独立输出，交叉校验避免混淆：
1. 先完成基础目标（文字、箭头）检测，再进行各类指示牌、设施检测
2. 所有方向类判断仅允许输出「上、下、左、右、无法辨认」，多方向用空格分隔
3. bbox坐标统一为[x1,y1,x2,y2]格式，坐标需精准贴合目标边缘
二、分模块检测要求
1. 文字提取（words字段）
- 提取范围：除车牌、车身图文、地面停车位数字外的所有可见文字
- 输出要求：每个文字/词组为1条记录，包含id（唯一标识）、content（文字内容）、bbox（精准坐标）
- 禁止漏检任何符合要求的文字内容
2. 箭头检测（arrows字段）
- 提取范围：所有可见箭头，排除停车线、车道线；多指向箭头需按单个指向拆分独立提取
- 输出字段：
  - id：唯一标识
  - direction：箭头方向，仅允许「上、下、左、右」
  - on_ground：是否在地面（1=是，0=否）
  - bbox：紧贴箭头边缘的精准坐标
- 强制规则：必须检出所有微小箭头（如出口文字旁箭头），不同指向箭头单独记录
3. 功能指示牌与设施检测
（1）圆形含箭头指示牌（tsrs字段）
- 提取范围：仅包含箭头的圆形指示牌，需与掉头指示牌严格区分，无法区分时方向标记为「无法辨认」
- 输出字段：
  - id：唯一标识
  - direction：指示牌内所有箭头方向（多方向用空格分隔）
  - bbox：指示牌整体精准坐标
（2）掉头指示牌（reverses字段）
- 提取范围：专门检测含掉头箭头的独立指示牌
- 输出要求：每个指示牌为1条记录，包含id、bbox（精准坐标）
（3）行人安全出口标识（exits字段）
- 提取范围：仅行人专用安全出口标识（特征：含人形图案、步行箭头、绿色荧光等，排除汽车出口标识）
- 输出要求：每个标识为1条记录，包含id、bbox（精准坐标）
（4）电梯指示牌（elevators字段）
- 提取范围：所有标注「电梯」相关的指示牌
- 输出要求：每个指示牌为1条记录，包含id、bbox（精准坐标）
（5）禁止标识牌（forbiddens字段）
- 提取范围：禁止通行、禁止左转/右转/掉头类标识
- 输出字段：
  - id：唯一标识
  - meaning：禁止含义，仅允许「禁止通行、禁止左转、禁止右转、禁止掉头」
  - bbox：标识整体精准坐标
（6）收费杆（tollgates字段）
- 提取范围：仅停车场收费通道的栏杆，排除限高杆、地面停车限位器
- 输出要求：每个收费杆为1条记录，包含id、bbox（精准坐标）
4. 关联关系检测
（1）文字与箭头关联（word_arrow_pairs字段）
- 关联规则：仅当文字与箭头存在明确指引关系时记录（如""出口""文字旁的右转箭头）
- 输出格式：每条记录为{""pair"": [""文字id"", ""箭头id""], ""reason"": ""关联逻辑描述""}
- 强制要求：无确凿关联不记录
（2）电梯指示牌与箭头关联（elevator_arrow_pairs字段）
- 关联规则：仅当电梯指示牌与箭头存在明确指引关系时记录
- 输出格式：每条记录为{""pair"": [""电梯牌id"", ""箭头id""], ""reason"": ""关联逻辑描述""}
- 强制要求：无确凿关联不记录
5. 场景属性判断
（1）楼层信息（floors字段）
- 输出格式：
{
  ""current_floor"": ""当前楼层或无法判断"",
  ""accessible_floor"": [""可前往楼层列表或空数组""],
  ""reason"": ""推断依据或无有效信息无法判断的说明""
}
- 规则：仅从已检测文字中提取依据，禁止脑补楼层信息
（2）区域信息（areas字段）
- 提取范围：墙面、立柱上标注的区域标识（如东/西/A/B等）
- 输出要求：可识别区域用数组形式列出，无法判断则输出[""无法判断""]
（3）场景类型（location_type字段）
- 仅允许输出：indoor（室内）/outdoor（室外）
（4）停车场出入口指示牌（entry_and_exit字段，仅室外场景需检测）
- 提取范围：仅针对驾驶员的出入口指示牌（非行人标识），需按入口、出口分别框选
- 输出字段：
  - id：唯一标识
  - type：仅允许「出口」/「入口」
  - bbox：精准框选对应指示区域，需处于对应车道正上方
三、最终校验规则
1. 复查所有箭头（含微小箭头）是否漏检，多指向箭头是否拆分独立记录
2. 核对所有bbox坐标是否精准贴合目标边缘
3. 确认所有方向类输出符合限定词要求，无自定义表述
4. 检查是否误包含停车场数字、停车线等禁止内容
5. 关联关系仅保留有明确依据的记录，删除存疑条目
输出格式示例（标准JSON）
{
  ""words"": {
    ""1"": {""id"": ""1"", ""content"": ""出口"", ""bbox"": [100, 200, 180, 230]},
    ""2"": {""id"": ""2"", ""content"": ""B1"", ""bbox"": [50, 50, 80, 70]}
  },
  ""arrows"": {
    ""1"": {""id"": ""1"", ""direction"": ""右"", ""on_ground"": 1, ""bbox"": [120, 250, 160, 280]}
  },
  ""tsrs"": {},
  ""reverses"": {},
  ""exits"": {},
  ""elevators"": {},
  ""forbiddens"": {},
  ""tollgates"": {},
  ""word_arrow_pairs"": [
    {""pair"": [""1"", ""1""], ""reason"": ""文字'出口'旁的右转箭头，指引车辆驶出方向""}
  ],
  ""elevator_arrow_pairs"": [],
  ""floors"": {
    ""current_floor"": ""B1"",
    ""accessible_floor"": [],
    ""reason"": ""检测到文字'B1'，无其他楼层指引信息""
  },
  ""areas"": [""无法判断""],
  ""location_type"": ""indoor"",
  ""entry_and_exit"": {}
}","{
  ""words"": {
    ""1"": {""id"": ""1"", ""content"": ""出口"", ""bbox"": [0, 494, 26, 512]},
    ""2"": {""id"": ""2"", ""content"": ""B3"", ""bbox"": [254, 509, 282, 555]},
    ""3"": {""id"": ""3"", ""content"": ""H区01道"", ""bbox"": [255, 557, 281, 573]},
    ""4"": {""id"": ""4"", ""content"": ""B3"", ""bbox"": [623, 507, 651, 553]},
    ""5"": {""id"": ""5"", ""content"": ""H区01道"", ""bbox"": [624, 555, 650, 571]},
    ""6"": {""id"": ""6"", ""content"": ""禁止左转"", ""bbox"": [432, 475, 452, 490]},
    ""7"": {""id"": ""7"", ""content"": ""车位"", ""bbox"": [517, 472, 540, 492]},
    ""8"": {""id"": ""8"", ""content"": ""出口"", ""bbox"": [498, 513, 510, 525]}
  },
  ""arrows"": {
    ""1"": {""id"": ""1"", ""direction"": ""左"", ""on_ground"": 1, ""bbox"": [298, 700, 358, 771]},
    ""2"": {""id"": ""2"", ""direction"": ""上"", ""on_ground"": 1, ""bbox"": [478, 695, 503, 768]},
    ""3"": {""id"": ""3"", ""direction"": ""上"", ""on_ground"": 0, ""bbox"": [540, 473, 548, 495]},
    ""4"": {""id"": ""4"", ""direction"": ""右"", ""on_ground"": 0, ""bbox"": [23, 498, 30, 508]}
  },
  ""tsrs"": {},
  ""reverses"": {},
  ""exits"": {},
  ""elevators"": {},
  ""forbiddens"": {
    ""1"": {""id"": ""1"", ""meaning"": ""禁止左转"", ""bbox"": [419, 470, 431, 495]}
  },
  ""tollgates"": {
    ""1"": {""id"": ""1"", ""bbox"": [445, 580, 537, 595]}
  },
  ""word_arrow_pairs"": [
    {""pair"": [""7"", ""3""], ""reason"": ""文字'车位'旁的向上箭头，指引车位方向""},
    {""pair"": [""1"", ""4""], ""reason"": ""文字'出口'旁的向右箭头，指引出口方向""}
  ],
  ""elevator_arrow_pairs"": [],
  ""floors"": {
    ""current_floor"": ""B3"",
    ""accessible_floor"": [],
    ""reason"": ""检测到多处标注为'B3'的文字标识，无其他楼层指引信息""
  },
  ""areas"": [""H区""],
  ""location_type"": ""indoor"",
  ""entry_and_exit"": {}
}",<bbox>0 494 26 512</bbox><bbox>254 509 282 555</bbox><bbox>255 557 281 573</bbox><bbox>623 507 651 553</bbox><bbox>624 555 650 571</bbox><bbox>432 475 452 490</bbox><bbox>517 472 540 492</bbox><bbox>498 513 510 525</bbox><bbox>298 700 358 771</bbox><bbox>478 695 503 768</bbox><bbox>540 473 548 495</bbox><bbox>23 498 30 508</bbox><bbox>419 470 431 495</bbox><bbox>445 580 537 595</bbox>,43.79943514,5806,2455,8261,0.586385392,"{
  ""words"": {
    ""1"": {
      ""id"": ""1"",
      ""content"": ""B3"",
      ""bbox"": [618, 503, 649, 552]
    },
    ""2"": {
      ""id"": ""2"",
      ""content"": ""H区01道"",
      ""bbox"": [618, 558, 652, 577]
    },
    ""3"": {
      ""id"": ""3"",
      ""content"": ""B3"",
      ""bbox"": [256, 508, 287, 557]
    },
    ""4"": {
      ""id"": ""4"",
      ""content"": ""H区01道"",
      ""bbox"": [256, 555, 289, 574]
    },
    ""5"": {
      ""id"": ""5"",
      ""content"": ""车位"",
      ""bbox"": [514, 468, 536, 492]
    },
    ""6"": {
      ""id"": ""6"",
      ""content"": ""出口"",
      ""bbox"": [0, 483, 26, 507]
    }
  },
  ""arrows"": {
    ""1"": {
      ""id"": ""1"",
      ""direction"": ""上"",
      ""on_ground"": 1,
      ""bbox"": [476, 698, 502, 772]
    },
    ""2"": {
      ""id"": ""2"",
      ""direction"": ""左"",
      ""on_ground"": 1,
      ""bbox"": [293, 708, 342, 777]
    },
    ""3"": {
      ""id"": ""3"",
      ""direction"": ""上"",
      ""on_ground"": 0,
      ""bbox"": [535, 468, 546, 492]
    },
    ""4"": {
      ""id"": ""4"",
      ""direction"": ""左"",
      ""on_ground"": 0,
      ""bbox"": [20, 485, 25, 505]
    }
  },
  ""tsrs"": {},
  ""reverses"": {},
  ""exits"": {},
  ""elevators"": {},
  ""forbiddens"": {
    ""1"": {
      ""id"": ""1"",
      ""meaning"": ""禁止左转"",
      ""bbox"": [421, 463, 438, 488]
    }
  },
  ""tollgates"": {},
  ""word_arrow_pairs"": [
    {
      ""pair"": [""5"", ""3""],
      ""reason"": ""文字'车位'旁的向上箭头，明确指引车位方向""
    },
    {
      ""pair"": [""6"", ""4""],
      ""reason"": ""文字'出口'旁的向左箭头，明确指引出口方向""
    }
  ],
  ""elevator_arrow_pairs"": [],
  ""floors"": {
    ""current_floor"": ""B3"",
    ""accessible_floor"": [],
    ""reason"": ""检测到柱子文字'B3'，无其他楼层指引信息""
  },
  ""areas"": [""H区""],
  ""location_type"": ""indoor"",
  ""entry_and_exit"": {}
}",<bbox>618 503 649 552</bbox><bbox>618 558 652 577</bbox><bbox>256 508 287 557</bbox><bbox>256 555 289 574</bbox><bbox>514 468 536 492</bbox><bbox>0 483 26 507</bbox><bbox>476 698 502 772</bbox><bbox>293 708 342 777</bbox><bbox>535 468 546 492</bbox><bbox>20 485 25 505</bbox><bbox>421 463 438 488</bbox>,98.18445611,8727,3870,12597,0.487255646,result_with_bboxes_6.jpg,成功,141.9838912
img2.jpg,2,"你是一位专业细致的停车场场景图像识别专家，需对停车场前视图图像进行高精度目标检测与信息提取，最终以标准JSON格式输出结果。核心要求：严格排除车牌、车身图文、地面停车位内数字及停车线；所有目标的bbox坐标需紧贴目标边缘，达到最高精度；无确凿关联的目标不强行关联，禁止脑补不存在的内容。
一、任务执行顺序与核心规则
按以下优先级执行检测，每类目标独立输出，交叉校验避免混淆：
1. 先完成基础目标（文字、箭头）检测，再进行各类指示牌、设施检测
2. 所有方向类判断仅允许输出「上、下、左、右、无法辨认」，多方向用空格分隔
3. bbox坐标统一为[x1,y1,x2,y2]格式，坐标需精准贴合目标边缘
二、分模块检测要求
1. 文字提取（words字段）
- 提取范围：除车牌、车身图文、地面停车位数字外的所有可见文字
- 输出要求：每个文字/词组为1条记录，包含id（唯一标识）、content（文字内容）、bbox（精准坐标）
- 禁止漏检任何符合要求的文字内容
2. 箭头检测（arrows字段）
- 提取范围：所有可见箭头，排除停车线、车道线；多指向箭头需按单个指向拆分独立提取
- 输出字段：
  - id：唯一标识
  - direction：箭头方向，仅允许「上、下、左、右」
  - on_ground：是否在地面（1=是，0=否）
  - bbox：紧贴箭头边缘的精准坐标
- 强制规则：必须检出所有微小箭头（如出口文字旁箭头），不同指向箭头单独记录
3. 功能指示牌与设施检测
（1）圆形含箭头指示牌（tsrs字段）
- 提取范围：仅包含箭头的圆形指示牌，需与掉头指示牌严格区分，无法区分时方向标记为「无法辨认」
- 输出字段：
  - id：唯一标识
  - direction：指示牌内所有箭头方向（多方向用空格分隔）
  - bbox：指示牌整体精准坐标
（2）掉头指示牌（reverses字段）
- 提取范围：专门检测含掉头箭头的独立指示牌
- 输出要求：每个指示牌为1条记录，包含id、bbox（精准坐标）
（3）行人安全出口标识（exits字段）
- 提取范围：仅行人专用安全出口标识（特征：含人形图案、步行箭头、绿色荧光等，排除汽车出口标识）
- 输出要求：每个标识为1条记录，包含id、bbox（精准坐标）
（4）电梯指示牌（elevators字段）
- 提取范围：所有标注「电梯」相关的指示牌
- 输出要求：每个指示牌为1条记录，包含id、bbox（精准坐标）
（5）禁止标识牌（forbiddens字段）
- 提取范围：禁止通行、禁止左转/右转/掉头类标识
- 输出字段：
  - id：唯一标识
  - meaning：禁止含义，仅允许「禁止通行、禁止左转、禁止右转、禁止掉头」
  - bbox：标识整体精准坐标
（6）收费杆（tollgates字段）
- 提取范围：仅停车场收费通道的栏杆，排除限高杆、地面停车限位器
- 输出要求：每个收费杆为1条记录，包含id、bbox（精准坐标）
4. 关联关系检测
（1）文字与箭头关联（word_arrow_pairs字段）
- 关联规则：仅当文字与箭头存在明确指引关系时记录（如""出口""文字旁的右转箭头）
- 输出格式：每条记录为{""pair"": [""文字id"", ""箭头id""], ""reason"": ""关联逻辑描述""}
- 强制要求：无确凿关联不记录
（2）电梯指示牌与箭头关联（elevator_arrow_pairs字段）
- 关联规则：仅当电梯指示牌与箭头存在明确指引关系时记录
- 输出格式：每条记录为{""pair"": [""电梯牌id"", ""箭头id""], ""reason"": ""关联逻辑描述""}
- 强制要求：无确凿关联不记录
5. 场景属性判断
（1）楼层信息（floors字段）
- 输出格式：
{
  ""current_floor"": ""当前楼层或无法判断"",
  ""accessible_floor"": [""可前往楼层列表或空数组""],
  ""reason"": ""推断依据或无有效信息无法判断的说明""
}
- 规则：仅从已检测文字中提取依据，禁止脑补楼层信息
（2）区域信息（areas字段）
- 提取范围：墙面、立柱上标注的区域标识（如东/西/A/B等）
- 输出要求：可识别区域用数组形式列出，无法判断则输出[""无法判断""]
（3）场景类型（location_type字段）
- 仅允许输出：indoor（室内）/outdoor（室外）
（4）停车场出入口指示牌（entry_and_exit字段，仅室外场景需检测）
- 提取范围：仅针对驾驶员的出入口指示牌（非行人标识），需按入口、出口分别框选
- 输出字段：
  - id：唯一标识
  - type：仅允许「出口」/「入口」
  - bbox：精准框选对应指示区域，需处于对应车道正上方
三、最终校验规则
1. 复查所有箭头（含微小箭头）是否漏检，多指向箭头是否拆分独立记录
2. 核对所有bbox坐标是否精准贴合目标边缘
3. 确认所有方向类输出符合限定词要求，无自定义表述
4. 检查是否误包含停车场数字、停车线等禁止内容
5. 关联关系仅保留有明确依据的记录，删除存疑条目
输出格式示例（标准JSON）
{
  ""words"": {
    ""1"": {""id"": ""1"", ""content"": ""出口"", ""bbox"": [100, 200, 180, 230]},
    ""2"": {""id"": ""2"", ""content"": ""B1"", ""bbox"": [50, 50, 80, 70]}
  },
  ""arrows"": {
    ""1"": {""id"": ""1"", ""direction"": ""右"", ""on_ground"": 1, ""bbox"": [120, 250, 160, 280]}
  },
  ""tsrs"": {},
  ""reverses"": {},
  ""exits"": {},
  ""elevators"": {},
  ""forbiddens"": {},
  ""tollgates"": {},
  ""word_arrow_pairs"": [
    {""pair"": [""1"", ""1""], ""reason"": ""文字'出口'旁的右转箭头，指引车辆驶出方向""}
  ],
  ""elevator_arrow_pairs"": [],
  ""floors"": {
    ""current_floor"": ""B1"",
    ""accessible_floor"": [],
    ""reason"": ""检测到文字'B1'，无其他楼层指引信息""
  },
  ""areas"": [""无法判断""],
  ""location_type"": ""indoor"",
  ""entry_and_exit"": {}
}","{
  ""words"": {
    ""1"": {""id"": ""1"", ""content"": ""出口"", ""bbox"": [0, 492, 22, 513]},
    ""2"": {""id"": ""2"", ""content"": ""B3"", ""bbox"": [253, 508, 283, 555]},
    ""3"": {""id"": ""3"", ""content"": ""H区01道"", ""bbox"": [254, 559, 282, 577]},
    ""4"": {""id"": ""4"", ""content"": ""禁止左转"", ""bbox"": [431, 474, 451, 491]},
    ""5"": {""id"": ""5"", ""content"": ""车位"", ""bbox"": [516, 470, 539, 493]},
    ""6"": {""id"": ""6"", ""content"": ""B3"", ""bbox"": [622, 505, 652, 552]},
    ""7"": {""id"": ""7"", ""content"": ""H区01道"", ""bbox"": [623, 556, 651, 574]},
    ""8"": {""id"": ""8"", ""content"": ""B3"", ""bbox"": [447, 522, 459, 543]},
    ""9"": {""id"": ""9"", ""content"": ""出口"", ""bbox"": [497, 509, 511, 522]}
  },
  ""arrows"": {
    ""1"": {""id"": ""1"", ""direction"": ""左"", ""on_ground"": 1, ""bbox"": [297, 696, 359, 773]},
    ""2"": {""id"": ""2"", ""direction"": ""上"", ""on_ground"": 1, ""bbox"": [477, 694, 506, 771]},
    ""3"": {""id"": ""3"", ""direction"": ""上"", ""on_ground"": 0, ""bbox"": [540, 470, 549, 495]},
    ""4"": {""id"": ""4"", ""direction"": ""右"", ""on_ground"": 0, ""bbox"": [21, 492, 30, 509]},
    ""5"": {""id"": ""5"", ""direction"": ""上"", ""on_ground"": 0, ""bbox"": [501, 510, 505, 520]}
  },
  ""tsrs"": {},
  ""reverses"": {},
  ""exits"": {},
  ""elevators"": {},
  ""forbiddens"": {
    ""1"": {""id"": ""1"", ""meaning"": ""禁止左转"", ""bbox"": [418, 470, 432, 497]}
  },
  ""tollgates"": {},
  ""word_arrow_pairs"": [
    {""pair"": [""1"", ""4""], ""reason"": ""文字'出口'旁的向右箭头，指引出口方向""},
    {""pair"": [""5"", ""3""], ""reason"": ""文字'车位'旁的向上箭头，指引车位方向""},
    {""pair"": [""9"", ""5""], ""reason"": ""文字'出口'旁的向上箭头，指引出口方向""}
  ],
  ""elevator_arrow_pairs"": [],
  ""floors"": {
    ""current_floor"": ""B3"",
    ""accessible_floor"": [],
    ""reason"": ""检测到多处'B3'文字标识，无其他楼层指引信息""
  },
  ""areas"": [""H区""],
  ""location_type"": ""indoor"",
  ""entry_and_exit"": {}
}",<bbox>0 492 22 513</bbox><bbox>253 508 283 555</bbox><bbox>254 559 282 577</bbox><bbox>431 474 451 491</bbox><bbox>516 470 539 493</bbox><bbox>622 505 652 552</bbox><bbox>623 556 651 574</bbox><bbox>447 522 459 543</bbox><bbox>497 509 511 522</bbox><bbox>297 696 359 773</bbox><bbox>477 694 506 771</bbox><bbox>540 470 549 495</bbox><bbox>21 492 30 509</bbox><bbox>501 510 505 520</bbox><bbox>418 470 432 497</bbox>,45.2593379,5806,2648,8454,0.534323792,"{
  ""words"": {
    ""1"": {
      ""id"": ""1"",
      ""content"": ""B3"",
      ""bbox"": [253, 508, 286, 552]
    },
    ""2"": {
      ""id"": ""2"",
      ""content"": ""H区01道"",
      ""bbox"": [255, 562, 290, 573]
    },
    ""3"": {
      ""id"": ""3"",
      ""content"": ""B3"",
      ""bbox"": [618, 505, 652, 548]
    },
    ""4"": {
      ""id"": ""4"",
      ""content"": ""H区01道"",
      ""bbox"": [620, 557, 655, 568]
    },
    ""5"": {
      ""id"": ""5"",
      ""content"": ""车位"",
      ""bbox"": [513, 468, 542, 492]
    },
    ""6"": {
      ""id"": ""6"",
      ""content"": ""出口"",
      ""bbox"": [0, 488, 22, 507]
    }
  },
  ""arrows"": {
    ""1"": {
      ""id"": ""1"",
      ""direction"": ""上"",
      ""on_ground"": 1,
      ""bbox"": [473, 693, 507, 772]
    },
    ""2"": {
      ""id"": ""2"",
      ""direction"": ""左"",
      ""on_ground"": 1,
      ""bbox"": [293, 708, 347, 777]
    },
    ""3"": {
      ""id"": ""3"",
      ""direction"": ""上"",
      ""on_ground"": 0,
      ""bbox"": [533, 468, 547, 492]
    },
    ""4"": {
      ""id"": ""4"",
      ""direction"": ""左"",
      ""on_ground"": 0,
      ""bbox"": [423, 468, 437, 487]
    }
  },
  ""tsrs"": {},
  ""reverses"": {},
  ""exits"": {},
  ""elevators"": {},
  ""forbiddens"": {
    ""1"": {
      ""id"": ""1"",
      ""meaning"": ""禁止左转"",
      ""bbox"": [418, 463, 442, 495]
    }
  },
  ""tollgates"": {},
  ""word_arrow_pairs"": [
    {
      ""pair"": [""5"", ""3""],
      ""reason"": ""文字'车位'右侧紧邻的向上箭头，明确指引车位方向""
    },
    {
      ""pair"": [""6"", ""2""],
      ""reason"": ""文字'出口'与左侧地面左转箭头处于同一视觉区域，箭头指向出口方向""
    }
  ],
  ""elevator_arrow_pairs"": [],
  ""floors"": {
    ""current_floor"": ""B3"",
    ""accessible_floor"": [],
    ""reason"": ""检测到文字'B3'（id1、id3），无其他楼层指引信息""
  },
  ""areas"": [""H区""],
  ""location_type"": ""indoor"",
  ""entry_and_exit"": {}
}",<bbox>253 508 286 552</bbox><bbox>255 562 290 573</bbox><bbox>618 505 652 548</bbox><bbox>620 557 655 568</bbox><bbox>513 468 542 492</bbox><bbox>0 488 22 507</bbox><bbox>473 693 507 772</bbox><bbox>293 708 347 777</bbox><bbox>533 468 547 492</bbox><bbox>423 468 437 487</bbox><bbox>418 463 442 495</bbox>,107.5556343,8727,4284,13011,0.481414215,result_with_bboxes_7.jpg,成功,152.8149722
img2.jpg,3,"你是一位专业细致的停车场场景图像识别专家，需对停车场前视图图像进行高精度目标检测与信息提取，最终以标准JSON格式输出结果。核心要求：严格排除车牌、车身图文、地面停车位内数字及停车线；所有目标的bbox坐标需紧贴目标边缘，达到最高精度；无确凿关联的目标不强行关联，禁止脑补不存在的内容。
一、任务执行顺序与核心规则
按以下优先级执行检测，每类目标独立输出，交叉校验避免混淆：
1. 先完成基础目标（文字、箭头）检测，再进行各类指示牌、设施检测
2. 所有方向类判断仅允许输出「上、下、左、右、无法辨认」，多方向用空格分隔
3. bbox坐标统一为[x1,y1,x2,y2]格式，坐标需精准贴合目标边缘
二、分模块检测要求
1. 文字提取（words字段）
- 提取范围：除车牌、车身图文、地面停车位数字外的所有可见文字
- 输出要求：每个文字/词组为1条记录，包含id（唯一标识）、content（文字内容）、bbox（精准坐标）
- 禁止漏检任何符合要求的文字内容
2. 箭头检测（arrows字段）
- 提取范围：所有可见箭头，排除停车线、车道线；多指向箭头需按单个指向拆分独立提取
- 输出字段：
  - id：唯一标识
  - direction：箭头方向，仅允许「上、下、左、右」
  - on_ground：是否在地面（1=是，0=否）
  - bbox：紧贴箭头边缘的精准坐标
- 强制规则：必须检出所有微小箭头（如出口文字旁箭头），不同指向箭头单独记录
3. 功能指示牌与设施检测
（1）圆形含箭头指示牌（tsrs字段）
- 提取范围：仅包含箭头的圆形指示牌，需与掉头指示牌严格区分，无法区分时方向标记为「无法辨认」
- 输出字段：
  - id：唯一标识
  - direction：指示牌内所有箭头方向（多方向用空格分隔）
  - bbox：指示牌整体精准坐标
（2）掉头指示牌（reverses字段）
- 提取范围：专门检测含掉头箭头的独立指示牌
- 输出要求：每个指示牌为1条记录，包含id、bbox（精准坐标）
（3）行人安全出口标识（exits字段）
- 提取范围：仅行人专用安全出口标识（特征：含人形图案、步行箭头、绿色荧光等，排除汽车出口标识）
- 输出要求：每个标识为1条记录，包含id、bbox（精准坐标）
（4）电梯指示牌（elevators字段）
- 提取范围：所有标注「电梯」相关的指示牌
- 输出要求：每个指示牌为1条记录，包含id、bbox（精准坐标）
（5）禁止标识牌（forbiddens字段）
- 提取范围：禁止通行、禁止左转/右转/掉头类标识
- 输出字段：
  - id：唯一标识
  - meaning：禁止含义，仅允许「禁止通行、禁止左转、禁止右转、禁止掉头」
  - bbox：标识整体精准坐标
（6）收费杆（tollgates字段）
- 提取范围：仅停车场收费通道的栏杆，排除限高杆、地面停车限位器
- 输出要求：每个收费杆为1条记录，包含id、bbox（精准坐标）
4. 关联关系检测
（1）文字与箭头关联（word_arrow_pairs字段）
- 关联规则：仅当文字与箭头存在明确指引关系时记录（如""出口""文字旁的右转箭头）
- 输出格式：每条记录为{""pair"": [""文字id"", ""箭头id""], ""reason"": ""关联逻辑描述""}
- 强制要求：无确凿关联不记录
（2）电梯指示牌与箭头关联（elevator_arrow_pairs字段）
- 关联规则：仅当电梯指示牌与箭头存在明确指引关系时记录
- 输出格式：每条记录为{""pair"": [""电梯牌id"", ""箭头id""], ""reason"": ""关联逻辑描述""}
- 强制要求：无确凿关联不记录
5. 场景属性判断
（1）楼层信息（floors字段）
- 输出格式：
{
  ""current_floor"": ""当前楼层或无法判断"",
  ""accessible_floor"": [""可前往楼层列表或空数组""],
  ""reason"": ""推断依据或无有效信息无法判断的说明""
}
- 规则：仅从已检测文字中提取依据，禁止脑补楼层信息
（2）区域信息（areas字段）
- 提取范围：墙面、立柱上标注的区域标识（如东/西/A/B等）
- 输出要求：可识别区域用数组形式列出，无法判断则输出[""无法判断""]
（3）场景类型（location_type字段）
- 仅允许输出：indoor（室内）/outdoor（室外）
（4）停车场出入口指示牌（entry_and_exit字段，仅室外场景需检测）
- 提取范围：仅针对驾驶员的出入口指示牌（非行人标识），需按入口、出口分别框选
- 输出字段：
  - id：唯一标识
  - type：仅允许「出口」/「入口」
  - bbox：精准框选对应指示区域，需处于对应车道正上方
三、最终校验规则
1. 复查所有箭头（含微小箭头）是否漏检，多指向箭头是否拆分独立记录
2. 核对所有bbox坐标是否精准贴合目标边缘
3. 确认所有方向类输出符合限定词要求，无自定义表述
4. 检查是否误包含停车场数字、停车线等禁止内容
5. 关联关系仅保留有明确依据的记录，删除存疑条目
输出格式示例（标准JSON）
{
  ""words"": {
    ""1"": {""id"": ""1"", ""content"": ""出口"", ""bbox"": [100, 200, 180, 230]},
    ""2"": {""id"": ""2"", ""content"": ""B1"", ""bbox"": [50, 50, 80, 70]}
  },
  ""arrows"": {
    ""1"": {""id"": ""1"", ""direction"": ""右"", ""on_ground"": 1, ""bbox"": [120, 250, 160, 280]}
  },
  ""tsrs"": {},
  ""reverses"": {},
  ""exits"": {},
  ""elevators"": {},
  ""forbiddens"": {},
  ""tollgates"": {},
  ""word_arrow_pairs"": [
    {""pair"": [""1"", ""1""], ""reason"": ""文字'出口'旁的右转箭头，指引车辆驶出方向""}
  ],
  ""elevator_arrow_pairs"": [],
  ""floors"": {
    ""current_floor"": ""B1"",
    ""accessible_floor"": [],
    ""reason"": ""检测到文字'B1'，无其他楼层指引信息""
  },
  ""areas"": [""无法判断""],
  ""location_type"": ""indoor"",
  ""entry_and_exit"": {}
}","{
  ""words"": {
    ""1"": {""id"": ""1"", ""content"": ""出口"", ""bbox"": [0, 491, 25, 510]},
    ""2"": {""id"": ""2"", ""content"": ""B3"", ""bbox"": [254, 510, 282, 554]},
    ""3"": {""id"": ""3"", ""content"": ""H区01道"", ""bbox"": [256, 562, 283, 578]},
    ""4"": {""id"": ""4"", ""content"": ""禁止左转"", ""bbox"": [432, 478, 451, 490]},
    ""5"": {""id"": ""5"", ""content"": ""车位"", ""bbox"": [518, 475, 539, 492]},
    ""6"": {""id"": ""6"", ""content"": ""B3"", ""bbox"": [623, 510, 651, 554]},
    ""7"": {""id"": ""7"", ""content"": ""H区01道"", ""bbox"": [622, 561, 652, 577]},
    ""8"": {""id"": ""8"", ""content"": ""出口"", ""bbox"": [498, 513, 509, 523]}
  },
  ""arrows"": {
    ""1"": {""id"": ""1"", ""direction"": ""左"", ""on_ground"": 1, ""bbox"": [298, 700, 359, 772]},
    ""2"": {""id"": ""2"", ""direction"": ""上"", ""on_ground"": 1, ""bbox"": [478, 697, 503, 770]},
    ""3"": {""id"": ""3"", ""direction"": ""右"", ""on_ground"": 0, ""bbox"": [23, 496, 30, 508]},
    ""4"": {""id"": ""4"", ""direction"": ""上"", ""on_ground"": 0, ""bbox"": [540, 476, 548, 494]}
  },
  ""tsrs"": {},
  ""reverses"": {},
  ""exits"": {},
  ""elevators"": {},
  ""forbiddens"": {
    ""1"": {""id"": ""1"", ""meaning"": ""禁止左转"", ""bbox"": [418, 472, 431, 496]}
  },
  ""tollgates"": {},
  ""word_arrow_pairs"": [
    {""pair"": [""1"", ""3""], ""reason"": ""文字'出口'旁的右转箭头，指引出口方向""},
    {""pair"": [""5"", ""4""], ""reason"": ""文字'车位'旁的向上箭头，指引车位方向""}
  ],
  ""elevator_arrow_pairs"": [],
  ""floors"": {
    ""current_floor"": ""B3"",
    ""accessible_floor"": [],
    ""reason"": ""检测到多处标注为'B3'的文字标识，无其他楼层相关信息""
  },
  ""areas"": [""H区""],
  ""location_type"": ""indoor"",
  ""entry_and_exit"": {}
}",<bbox>0 491 25 510</bbox><bbox>254 510 282 554</bbox><bbox>256 562 283 578</bbox><bbox>432 478 451 490</bbox><bbox>518 475 539 492</bbox><bbox>623 510 651 554</bbox><bbox>622 561 652 577</bbox><bbox>498 513 509 523</bbox><bbox>298 700 359 772</bbox><bbox>478 697 503 770</bbox><bbox>23 496 30 508</bbox><bbox>540 476 548 494</bbox><bbox>418 472 431 496</bbox>,43.40911007,5806,2300,8106,0.671095004,"{
  ""words"": {
    ""1"": {
      ""id"": ""1"",
      ""content"": ""B3"",
      ""bbox"": [253, 508, 286, 552]
    },
    ""2"": {
      ""id"": ""2"",
      ""content"": ""H区01道"",
      ""bbox"": [250, 560, 290, 576]
    },
    ""3"": {
      ""id"": ""3"",
      ""content"": ""B3"",
      ""bbox"": [618, 508, 651, 552]
    },
    ""4"": {
      ""id"": ""4"",
      ""content"": ""H区01道"",
      ""bbox"": [615, 560, 655, 576]
    },
    ""5"": {
      ""id"": ""5"",
      ""content"": ""车位"",
      ""bbox"": [513, 468, 542, 492]
    },
    ""6"": {
      ""id"": ""6"",
      ""content"": ""禁止左转"",
      ""bbox"": [428, 473, 457, 490]
    }
  },
  ""arrows"": {
    ""1"": {
      ""id"": ""1"",
      ""direction"": ""上"",
      ""on_ground"": 1,
      ""bbox"": [473, 698, 507, 772]
    },
    ""2"": {
      ""id"": ""2"",
      ""direction"": ""左"",
      ""on_ground"": 1,
      ""bbox"": [293, 708, 347, 777]
    },
    ""3"": {
      ""id"": ""3"",
      ""direction"": ""上"",
      ""on_ground"": 0,
      ""bbox"": [533, 468, 547, 487]
    },
    ""4"": {
      ""id"": ""4"",
      ""direction"": ""左"",
      ""on_ground"": 0,
      ""bbox"": [426, 471, 438, 485]
    }
  },
  ""tsrs"": {},
  ""reverses"": {},
  ""exits"": {
    ""1"": {
      ""id"": ""1"",
      ""bbox"": [8, 488, 32, 512]
    }
  },
  ""elevators"": {},
  ""forbiddens"": {
    ""1"": {
      ""id"": ""1"",
      ""meaning"": ""禁止左转"",
      ""bbox"": [423, 468, 442, 490]
    }
  },
  ""tollgates"": {},
  ""word_arrow_pairs"": [
    {
      ""pair"": [""5"", ""3""],
      ""reason"": ""文字'车位'旁的向上箭头，指引车辆前往车位方向""
    },
    {
      ""pair"": [""6"", ""4""],
      ""reason"": ""文字'禁止左转'与标识内左转箭头共同构成禁止左转指示""
    }
  ],
  ""elevator_arrow_pairs"": [],
  ""floors"": {
    ""current_floor"": ""B3"",
    ""accessible_floor"": [],
    ""reason"": ""检测到文字'B3'，无其他楼层指引信息""
  },
  ""areas"": [""H区""],
  ""location_type"": ""indoor"",
  ""entry_and_exit"": {}
}",<bbox>253 508 286 552</bbox><bbox>250 560 290 576</bbox><bbox>618 508 651 552</bbox><bbox>615 560 655 576</bbox><bbox>513 468 542 492</bbox><bbox>428 473 457 490</bbox><bbox>473 698 507 772</bbox><bbox>293 708 347 777</bbox><bbox>533 468 547 487</bbox><bbox>426 471 438 485</bbox><bbox>8 488 32 512</bbox><bbox>423 468 442 490</bbox>,108.2549701,8727,4359,13086,0.473156084,result_with_bboxes_8.jpg,成功,151.6640801
img2.jpg,4,"你是一位专业细致的停车场场景图像识别专家，需对停车场前视图图像进行高精度目标检测与信息提取，最终以标准JSON格式输出结果。核心要求：严格排除车牌、车身图文、地面停车位内数字及停车线；所有目标的bbox坐标需紧贴目标边缘，达到最高精度；无确凿关联的目标不强行关联，禁止脑补不存在的内容。
一、任务执行顺序与核心规则
按以下优先级执行检测，每类目标独立输出，交叉校验避免混淆：
1. 先完成基础目标（文字、箭头）检测，再进行各类指示牌、设施检测
2. 所有方向类判断仅允许输出「上、下、左、右、无法辨认」，多方向用空格分隔
3. bbox坐标统一为[x1,y1,x2,y2]格式，坐标需精准贴合目标边缘
二、分模块检测要求
1. 文字提取（words字段）
- 提取范围：除车牌、车身图文、地面停车位数字外的所有可见文字
- 输出要求：每个文字/词组为1条记录，包含id（唯一标识）、content（文字内容）、bbox（精准坐标）
- 禁止漏检任何符合要求的文字内容
2. 箭头检测（arrows字段）
- 提取范围：所有可见箭头，排除停车线、车道线；多指向箭头需按单个指向拆分独立提取
- 输出字段：
  - id：唯一标识
  - direction：箭头方向，仅允许「上、下、左、右」
  - on_ground：是否在地面（1=是，0=否）
  - bbox：紧贴箭头边缘的精准坐标
- 强制规则：必须检出所有微小箭头（如出口文字旁箭头），不同指向箭头单独记录
3. 功能指示牌与设施检测
（1）圆形含箭头指示牌（tsrs字段）
- 提取范围：仅包含箭头的圆形指示牌，需与掉头指示牌严格区分，无法区分时方向标记为「无法辨认」
- 输出字段：
  - id：唯一标识
  - direction：指示牌内所有箭头方向（多方向用空格分隔）
  - bbox：指示牌整体精准坐标
（2）掉头指示牌（reverses字段）
- 提取范围：专门检测含掉头箭头的独立指示牌
- 输出要求：每个指示牌为1条记录，包含id、bbox（精准坐标）
（3）行人安全出口标识（exits字段）
- 提取范围：仅行人专用安全出口标识（特征：含人形图案、步行箭头、绿色荧光等，排除汽车出口标识）
- 输出要求：每个标识为1条记录，包含id、bbox（精准坐标）
（4）电梯指示牌（elevators字段）
- 提取范围：所有标注「电梯」相关的指示牌
- 输出要求：每个指示牌为1条记录，包含id、bbox（精准坐标）
（5）禁止标识牌（forbiddens字段）
- 提取范围：禁止通行、禁止左转/右转/掉头类标识
- 输出字段：
  - id：唯一标识
  - meaning：禁止含义，仅允许「禁止通行、禁止左转、禁止右转、禁止掉头」
  - bbox：标识整体精准坐标
（6）收费杆（tollgates字段）
- 提取范围：仅停车场收费通道的栏杆，排除限高杆、地面停车限位器
- 输出要求：每个收费杆为1条记录，包含id、bbox（精准坐标）
4. 关联关系检测
（1）文字与箭头关联（word_arrow_pairs字段）
- 关联规则：仅当文字与箭头存在明确指引关系时记录（如""出口""文字旁的右转箭头）
- 输出格式：每条记录为{""pair"": [""文字id"", ""箭头id""], ""reason"": ""关联逻辑描述""}
- 强制要求：无确凿关联不记录
（2）电梯指示牌与箭头关联（elevator_arrow_pairs字段）
- 关联规则：仅当电梯指示牌与箭头存在明确指引关系时记录
- 输出格式：每条记录为{""pair"": [""电梯牌id"", ""箭头id""], ""reason"": ""关联逻辑描述""}
- 强制要求：无确凿关联不记录
5. 场景属性判断
（1）楼层信息（floors字段）
- 输出格式：
{
  ""current_floor"": ""当前楼层或无法判断"",
  ""accessible_floor"": [""可前往楼层列表或空数组""],
  ""reason"": ""推断依据或无有效信息无法判断的说明""
}
- 规则：仅从已检测文字中提取依据，禁止脑补楼层信息
（2）区域信息（areas字段）
- 提取范围：墙面、立柱上标注的区域标识（如东/西/A/B等）
- 输出要求：可识别区域用数组形式列出，无法判断则输出[""无法判断""]
（3）场景类型（location_type字段）
- 仅允许输出：indoor（室内）/outdoor（室外）
（4）停车场出入口指示牌（entry_and_exit字段，仅室外场景需检测）
- 提取范围：仅针对驾驶员的出入口指示牌（非行人标识），需按入口、出口分别框选
- 输出字段：
  - id：唯一标识
  - type：仅允许「出口」/「入口」
  - bbox：精准框选对应指示区域，需处于对应车道正上方
三、最终校验规则
1. 复查所有箭头（含微小箭头）是否漏检，多指向箭头是否拆分独立记录
2. 核对所有bbox坐标是否精准贴合目标边缘
3. 确认所有方向类输出符合限定词要求，无自定义表述
4. 检查是否误包含停车场数字、停车线等禁止内容
5. 关联关系仅保留有明确依据的记录，删除存疑条目
输出格式示例（标准JSON）
{
  ""words"": {
    ""1"": {""id"": ""1"", ""content"": ""出口"", ""bbox"": [100, 200, 180, 230]},
    ""2"": {""id"": ""2"", ""content"": ""B1"", ""bbox"": [50, 50, 80, 70]}
  },
  ""arrows"": {
    ""1"": {""id"": ""1"", ""direction"": ""右"", ""on_ground"": 1, ""bbox"": [120, 250, 160, 280]}
  },
  ""tsrs"": {},
  ""reverses"": {},
  ""exits"": {},
  ""elevators"": {},
  ""forbiddens"": {},
  ""tollgates"": {},
  ""word_arrow_pairs"": [
    {""pair"": [""1"", ""1""], ""reason"": ""文字'出口'旁的右转箭头，指引车辆驶出方向""}
  ],
  ""elevator_arrow_pairs"": [],
  ""floors"": {
    ""current_floor"": ""B1"",
    ""accessible_floor"": [],
    ""reason"": ""检测到文字'B1'，无其他楼层指引信息""
  },
  ""areas"": [""无法判断""],
  ""location_type"": ""indoor"",
  ""entry_and_exit"": {}
}","{
  ""words"": {
    ""1"": {""id"": ""1"", ""content"": ""出口"", ""bbox"": [0, 494, 27, 512]},
    ""2"": {""id"": ""2"", ""content"": ""B3"", ""bbox"": [254, 509, 282, 554]},
    ""3"": {""id"": ""3"", ""content"": ""H区01道"", ""bbox"": [255, 557, 281, 573]},
    ""4"": {""id"": ""4"", ""content"": ""B3"", ""bbox"": [623, 507, 651, 552]},
    ""5"": {""id"": ""5"", ""content"": ""H区01道"", ""bbox"": [624, 556, 650, 572]},
    ""6"": {""id"": ""6"", ""content"": ""禁止左转"", ""bbox"": [432, 475, 450, 489]},
    ""7"": {""id"": ""7"", ""content"": ""车位"", ""bbox"": [517, 471, 540, 492]},
    ""8"": {""id"": ""8"", ""content"": ""出口"", ""bbox"": [497, 510, 509, 521]}
  },
  ""arrows"": {
    ""1"": {""id"": ""1"", ""direction"": ""左"", ""on_ground"": 1, ""bbox"": [298, 697, 360, 772]},
    ""2"": {""id"": ""2"", ""direction"": ""上"", ""on_ground"": 1, ""bbox"": [478, 695, 507, 770]},
    ""3"": {""id"": ""3"", ""direction"": ""上"", ""on_ground"": 0, ""bbox"": [540, 470, 548, 491]},
    ""4"": {""id"": ""4"", ""direction"": ""右"", ""on_ground"": 0, ""bbox"": [22, 495, 30, 509]}
  },
  ""tsrs"": {},
  ""reverses"": {},
  ""exits"": {},
  ""elevators"": {},
  ""forbiddens"": {
    ""1"": {""id"": ""1"", ""meaning"": ""禁止左转"", ""bbox"": [417, 470, 431, 496]}
  },
  ""tollgates"": {},
  ""word_arrow_pairs"": [
    {""pair"": [""1"", ""4""], ""reason"": ""文字'出口'旁的右转箭头，指引出口方向""},
    {""pair"": [""7"", ""3""], ""reason"": ""文字'车位'旁的向上箭头，指引车位方向""}
  ],
  ""elevator_arrow_pairs"": [],
  ""floors"": {
    ""current_floor"": ""B3"",
    ""accessible_floor"": [],
    ""reason"": ""检测到多处标注为'B3'的文字，无其他楼层相关指引信息""
  },
  ""areas"": [""H区""],
  ""location_type"": ""indoor"",
  ""entry_and_exit"": {}
}",<bbox>0 494 27 512</bbox><bbox>254 509 282 554</bbox><bbox>255 557 281 573</bbox><bbox>623 507 651 552</bbox><bbox>624 556 650 572</bbox><bbox>432 475 450 489</bbox><bbox>517 471 540 492</bbox><bbox>497 510 509 521</bbox><bbox>298 697 360 772</bbox><bbox>478 695 507 770</bbox><bbox>540 470 548 491</bbox><bbox>22 495 30 509</bbox><bbox>417 470 431 496</bbox>,34.99188185,5806,1969,7775,0.543390146,"{
  ""words"": {
    ""1"": {
      ""id"": ""1"",
      ""content"": ""B3"",
      ""bbox"": [255, 510, 282, 550]
    },
    ""2"": {
      ""id"": ""2"",
      ""content"": ""H区01道"",
      ""bbox"": [255, 560, 285, 575]
    },
    ""3"": {
      ""id"": ""3"",
      ""content"": ""B3"",
      ""bbox"": [618, 505, 646, 555]
    },
    ""4"": {
      ""id"": ""4"",
      ""content"": ""H区01道"",
      ""bbox"": [618, 560, 648, 575]
    },
    ""5"": {
      ""id"": ""5"",
      ""content"": ""车位"",
      ""bbox"": [515, 470, 535, 490]
    }
  },
  ""arrows"": {
    ""1"": {
      ""id"": ""1"",
      ""direction"": ""上"",
      ""on_ground"": 1,
      ""bbox"": [475, 695, 500, 765]
    },
    ""2"": {
      ""id"": ""2"",
      ""direction"": ""左"",
      ""on_ground"": 1,
      ""bbox"": [295, 710, 345, 775]
    },
    ""3"": {
      ""id"": ""3"",
      ""direction"": ""上"",
      ""on_ground"": 0,
      ""bbox"": [535, 470, 542, 485]
    },
    ""4"": {
      ""id"": ""4"",
      ""direction"": ""左"",
      ""on_ground"": 0,
      ""bbox"": [425, 475, 432, 485]
    }
  },
  ""tsrs"": {},
  ""reverses"": {},
  ""exits"": {},
  ""elevators"": {},
  ""forbiddens"": {
    ""1"": {
      ""id"": ""1"",
      ""meaning"": ""禁止左转"",
      ""bbox"": [420, 470, 435, 490]
    }
  },
  ""tollgates"": {},
  ""word_arrow_pairs"": [
    {
      ""pair"": [""5"", ""3""],
      ""reason"": ""文字'车位'旁的向上箭头，明确指引车辆前往车位方向""
    }
  ],
  ""elevator_arrow_pairs"": [],
  ""floors"": {
    ""current_floor"": ""B3"",
    ""accessible_floor"": [],
    ""reason"": ""检测到柱子文字'B3'，无其他楼层指引信息""
  },
  ""areas"": [""H区""],
  ""location_type"": ""indoor"",
  ""entry_and_exit"": {}
}",<bbox>255 510 282 550</bbox><bbox>255 560 285 575</bbox><bbox>618 505 646 555</bbox><bbox>618 560 648 575</bbox><bbox>515 470 535 490</bbox><bbox>475 695 500 765</bbox><bbox>295 710 345 775</bbox><bbox>535 470 542 485</bbox><bbox>425 475 432 485</bbox><bbox>420 470 435 490</bbox>,100.2562208,8727,4003,12730,0.575677208,result_with_bboxes_9.jpg,成功,135.2481027